name,bib,flag,utmb_index,utmb_agegroup,utmb_uri,utmb_name
Roach Thomas,4644,🇬🇧 (United Kingdom),897,40-44,https://utmb.world/en/runner/118106.thomas.roach,Thomas ROACH
Koch Sven,4863,🇩🇪 (Germany),841,20-34,https://utmb.world/en/runner/3565961.sven.koch,Sven KOCH
Pirtschke Lukas,4687,🇩🇪 (Germany),804,35-39,https://utmb.world/en/runner/479169.andre.purschke,Andre PURSCHKE
Weiss Clemens,4791,🇦🇹 (Austria),784,40-44,https://utmb.world/en/runner/1008471.mario.weiss,Mario WEISS
Mühlmann Lukas,4809,🇦🇹 (Austria),769,20-34,https://utmb.world/en/runner/4219041.lukas.muhlmann,Lukas MÜHLMANN
Bergler Markus,4785,🇩🇪 (Germany),755,35-39,https://utmb.world/en/runner/1999975.markus.bergler,Markus BERGLER
Eisele Lukas,4625,🇩🇪 (Germany),755,20-34,https://utmb.world/en/runner/2276305.simon.eisele,Simon EISELE
Wöhrer David,4608,🇦🇹 (Austria),754,20-34,https://utmb.world/en/runner/3253681.david.wohrer,David WÖHRER
Leiter Daniel,4753,🇦🇹 (Austria),752,20-34,https://utmb.world/en/runner/4461992.michael.leiter,Michael LEITER
Halbmann Lukas,4605,🇩🇪 (Germany),742,45-49,https://utmb.world/en/runner/1065085.sebastian.hallmann,Sebastian HALLMANN
Peer David,4711,🇦🇹 (Austria),727,35-39,https://utmb.world/en/runner/4084288.daniel.peer,Daniel PEER
Baur Valentin,4525,🇩🇪 (Germany),720,20-34,https://utmb.world/en/runner/351186.matthias.baur,Matthias BAUR
Postl Andreas,4247,🇦🇹 (Austria),718,35-39,https://utmb.world/en/runner/524959.andreas.postl,Andreas POSTL
Bleier Felix,4358,🇦🇹 (Austria),717,20-34,https://utmb.world/en/runner/4461188.felix.bleier,Felix BLEIER
Jor Martin,4679,🇨🇿 (Czechia),714,35-39,https://utmb.world/en/runner/1445039.martin.jor,Martin JOR
Hric Roland,4807,🇸🇰 (Slovakia),713,20-34,https://utmb.world/en/runner/3480441.roland.hric,Roland HRIC
Muschinski Lennard,4618,🇩🇪 (Germany),710,20-34,https://utmb.world/en/runner/3959153.muschinski.lennard,Lennard MUSCHINSKI (Muschinski LENNARD)
Schneider Filip,4517,🇩🇪 (Germany),707,20-34,https://utmb.world/en/runner/4571974.marco.schneider,Marco SCHNEIDER
Schäfer Manuel,4368,🇩🇪 (Germany),704,20-34,https://utmb.world/en/runner/1128615.bastian.schafer,Bastian SCHÄFER
Wittmann Martin,4657,🇩🇪 (Germany),703,35-39,https://utmb.world/en/runner/143117.steffen.wittmann,Steffen WITTMANN
Ocker Marius,4378,🇩🇪 (Germany),698,45-49,https://utmb.world/en/runner/2396371.josef.ecker,Josef ECKER
Saint Alexandre,4802,🇧🇪 (Belgium),698,35-39,https://utmb.world/en/runner/5305222.alexandre.saint,Alexandre SAINT
Perry Niál,4544,🇬🇧 (United Kingdom),694,20-34,https://utmb.world/en/runner/903759.josh.perry,Josh PERRY
Kramer Lord Jens,4870,🇮🇹 (Italy),691,45-49,https://utmb.world/en/runner/322977.jens.kramer,Jens KRAMER
Novák Matej,4527,🇸🇰 (Slovakia),682,20-34,https://utmb.world/en/runner/4219741.matej.novak,Matej NOVÁK
Piater Bennett,4501,🇩🇪 (Germany),682,40-44,https://utmb.world/en/runner/4704980.pieter.hohne,Pieter HÖHNE
Graňák Matej,4529,🇸🇰 (Slovakia),681,20-34,https://utmb.world/en/runner/4421416.matej.granak,Matej GRAŇÁK
Schrader Tim,4779,🇩🇪 (Germany),681,35-39,https://utmb.world/en/runner/951611.tim.schrader,Tim SCHRADER
Wolff Marian,4632,🇩🇪 (Germany),679,40-44,https://utmb.world/en/runner/4184754.markus.wolff,Markus WOLFF
Leitner Xaver,4238,🇦🇹 (Austria),677,20-34,https://utmb.world/en/runner/5312306.benjamin.leitner,Benjamin LEITNER
van Buren Jona,4683,🇩🇪 (Germany),674,20-34,https://utmb.world/en/runner/5411564.jona.vanburen,Jona VAN BUREN
Kanz Alexander,4218,🇦🇹 (Austria),672,35-39,https://utmb.world/en/runner/4462074.alexander.kanz,Alexander KANZ
Seiwald Matthias,4334,🇦🇹 (Austria),670,35-39,https://utmb.world/en/runner/1576335.matthias.seiwald,Matthias SEIWALD
Kirk Peter,4889,🇬🇧 (United Kingdom),669,40-44,https://utmb.world/en/runner/1996205.peter.kirk,Peter KIRK
von Bartenwerffer Thomas,4547,🇩🇪 (Germany),666,35-39,https://utmb.world/en/runner/4463358.jakob.vonraumer,Jakob VON RAUMER
Keller Sebastian,4630,🇩🇪 (Germany),664,50-54,https://utmb.world/en/runner/63139.clemens.keller,Clemens KELLER
Capone Augusto,4824,🇦🇷 (Argentina),662,20-34,https://utmb.world/en/runner/4120872.augusto.capone,Augusto CAPONE
Dausend Matthias,4725,🇩🇪 (Germany),661,20-34,https://utmb.world/en/runner/4701656.florian.tausend,Florian TAUSEND
Kempf Jerome,4737,🇩🇪 (Germany),657,20-34,https://utmb.world/en/runner/4002620.ralf.kempf,Ralf KEMPF
Mackinger Christoph,4352,🇦🇹 (Austria),657,40-44,https://utmb.world/en/runner/4000260.christoph.mackinger,Christoph MACKINGER
Morvan Pierrick,4729,🇫🇷 (France),652,35-39,https://utmb.world/en/runner/1949783.pierrick.morvan,Pierrick MORVAN
Canovas Rueda Juan Manuel,4462,🇪🇸 (Spain),647,40-44,https://utmb.world/en/runner/1720519.antonio.canovasperellon,Antonio CÁNOVAS PERELLÓN
Pittroff Marco,4463,🇩🇪 (Germany),645,35-39,https://utmb.world/en/runner/4218751.marco.pittroff,Marco PITTROFF
Steinlechner Stefan,4721,🇦🇹 (Austria),645,20-34,https://utmb.world/en/runner/4218859.philipp.steinlechner,Philipp STEINLECHNER
Reitmeir Sebastian,4845,🇦🇹 (Austria),642,40-44,https://utmb.world/en/runner/3245259.michael.reitmair,Michael REITMAIR
Pannier Markus,4738,🇩🇪 (Germany),640,20-34,https://utmb.world/en/runner/5522860.markus.pannier,Markus PANNIER
Zehle Enzo,4661,🇩🇪 (Germany),639,35-39,https://utmb.world/en/runner/1142631.frank.gehle,Frank GEHLE
Schmaus Claudio,4469,🇩🇪 (Germany),638,20-34,https://utmb.world/en/runner/5305528.claudio.schmaus,Claudio SCHMAUS
Müller Andreas,4285,🇩🇪 (Germany),637,50-54,https://utmb.world/en/runner/4015807.andreas.muller,Andreas MÜLLER
Müller Lukas,4689,🇨🇭 (Switzerland),636,20-34,https://utmb.world/en/runner/5305550.lukas.muller,Lukas MÜLLER
Franke Gregor,4256,🇦🇹 (Austria),635,45-49,https://utmb.world/en/runner/3786095.michael.frank,Michael FRANK
Alqahtani Khalid,4833,🇶🇦 (Qatar),633,45-49,https://utmb.world/en/runner/4305210.khalid.alqahtani,Khalid ALQAHTANI
Dunkel Frederik,4892,🇩🇪 (Germany),633,35-39,https://utmb.world/en/runner/2313719.michael.dunkel,Michael DÜNKEL
Marte Andreas,4416,🇩🇪 (Germany),633,35-39,https://utmb.world/en/runner/4460808.andreas.marte,Andreas MARTE
Poullie Patrick,4850,🇩🇪 (Germany),632,40-44,https://utmb.world/en/runner/1059971.patrick.poullie,Patrick POULLIE
Aluas Ioan,4756,🇷🇴 (Romania),631,35-39,https://utmb.world/en/runner/5064817.ioan.aluas,Ioan ALUAS
Pape David,4406,🇩🇪 (Germany),629,35-39,https://utmb.world/en/runner/4596394.patrick.pape,Patrick PAPE
Wesel Luca,4740,🇩🇪 (Germany),628,45-49,https://utmb.world/en/runner/675437.carsten.weser,Carsten WESER
Bernard Cyril,4861,🇫🇷 (France),627,U20,https://utmb.world/en/runner/5693550.cyril.bernard,Cyril BERNARD
Röper Jonah,4606,🇩🇪 (Germany),622,20-34,https://utmb.world/en/runner/4825512.jonah.roeper,Jonah ROEPER
Hartmann Bastian,4552,🇩🇪 (Germany),621,40-44,https://utmb.world/en/runner/2279089.bastian.hartmann,Bastian HARTMANN
Kurapkat Jürgen,4890,🇩🇪 (Germany),620,55-59,https://utmb.world/en/runner/18751.jurgen.kurapkat,Jurgen KURAPKAT
Van Hemelen Lode,4627,🇧🇪 (Belgium),620,20-34,https://utmb.world/en/runner/1862223.philip.vanhemelen,Philip VAN HEMELEN
Weber André,4745,🇩🇪 (Germany),620,55-59,https://utmb.world/en/runner/45517.andreas.weber,Andreas WEBER
Muschinski Steffen,4703,🇩🇪 (Germany),617,50-54,https://utmb.world/en/runner/62905.steffen.muschinski,Steffen MUSCHINSKI
Summer Andreas,4366,🇦🇹 (Austria),616,40-44,https://utmb.world/en/runner/5060561.andreas.summer,Andreas SUMMER
Reinhardt Grischa,4872,🇩🇪 (Germany),615,35-39,https://utmb.world/en/runner/5444278.grischa.reinhardt,Grischa REINHARDT
Vor Max,4537,🇩🇪 (Germany),613,20-34,https://utmb.world/en/runner/4460816.max.vor,Max VOR
Bauer Michael,4676,🇦🇹 (Austria),611,20-34,https://utmb.world/en/runner/3284117.michael.bauer,Michael BAUER
Klos Stefan,4350,🇩🇪 (Germany),610,40-44,https://utmb.world/en/runner/4248711.stefan.klos,Stefan KLOS
Buchheit Björn,4704,🇩🇪 (Germany),609,35-39,https://utmb.world/en/runner/4184328.bjorn.buchheit,Björn BUCHHEIT
Ferstl Philipp,4800,🇩🇪 (Germany),609,35-39,https://utmb.world/en/runner/876213.philipp.ferstl,Philipp FERSTL
Hain David,4641,🇦🇹 (Austria),609,20-34,https://utmb.world/en/runner/5400916.david.hain,David HAIN
Ehrhardt Steffen,4282,🇩🇪 (Germany),608,20-34,https://utmb.world/en/runner/5443663.sebastian.ehrhardt,Sebastian EHRHARDT
Tanzer Florian,4894,🇦🇹 (Austria),608,20-34,https://utmb.world/en/runner/4226564.florian.tanzer,Florian TANZER
Lautenbacher Toni,4430,🇩🇪 (Germany),607,35-39,https://utmb.world/en/runner/2595007.toni.lautenbacher,Toni LAUTENBACHER
Münzing Michael,4640,🇩🇪 (Germany),607,35-39,https://utmb.world/en/runner/4004443.michael.munzing,Michael MÜNZING
Graf Lorenzo,4255,🇩🇪 (Germany),605,35-39,https://utmb.world/en/runner/4271858.florian.graf,Florian GRÄF
Schiele Till,4826,🇩🇪 (Germany),605,55-59,https://utmb.world/en/runner/171961.paul.schiele,Paul SCHIELE
Kathriner Marco,4662,🇨🇭 (Switzerland),603,45-49,https://utmb.world/en/runner/292347.marco.kathriner,Marco KATHRINER
Klüppel Moritz,4710,🇩🇪 (Germany),601,20-34,https://utmb.world/en/runner/2236355.moritz.kluppel,Moritz KLÜPPEL
Koeth Oliver,4347,🇩🇪 (Germany),601,50-54,https://utmb.world/en/runner/4218756.oliver.koeth,Oliver KOETH
Meinecke Tim,4296,🇩🇪 (Germany),601,20-34,https://utmb.world/en/runner/3421273.flavius.meinecke,Flavius MEINECKE
Pircher Matthäus,4338,🇦🇹 (Austria),600,35-39,https://utmb.world/en/runner/4218778.stefan.pircher,Stefan PIRCHER
Pircher Stefan,4364,🇦🇹 (Austria),600,35-39,https://utmb.world/en/runner/4218778.stefan.pircher,Stefan PIRCHER
Heiser Moritz,4528,🇦🇹 (Austria),599,20-34,https://utmb.world/en/runner/5305546.moritz.heiser,Moritz HEISER
Brückmann Roberto,4746,🇩🇪 (Germany),598,35-39,https://utmb.world/en/runner/674831.roberto.bruckmann,Roberto BRÜCKMANN
Ottersbach Jan,4449,🇩🇪 (Germany),598,20-34,https://utmb.world/en/runner/1060361.jan.ottersbach,Jan OTTERSBACH
Rindle Jonathan,4603,🇩🇪 (Germany),598,20-34,https://utmb.world/en/runner/4926504.jonathan.rindle,Jonathan RINDLE
Klassnitz Mikael,4330,🇩🇪 (Germany),596,20-34,https://utmb.world/en/runner/5305548.mikael.klassnitz,Mikael KLASSNITZ
Mahler Jan-Henrik,4502,🇩🇪 (Germany),596,35-39,https://utmb.world/en/runner/3156531.fabian.mahler,Fabian MAHLER
Angerer Johannes,4505,🇦🇹 (Austria),595,35-39,https://utmb.world/en/runner/321129.lukas.angerer,Lukas ANGERER
Förster Benjamin,4461,🇩🇪 (Germany),593,45-49,https://utmb.world/en/runner/5329056.benjamin.forster,Benjamin FÖRSTER
Ehrengruber Peter,4671,🇦🇹 (Austria),592,50-54,https://utmb.world/en/runner/171540.rene.fahrengruber,Rene FAHRENGRUBER
Grumbinas Ramunas,4847,🇱🇹 (Lithuania),592,50-54,https://utmb.world/en/runner/1453723.ramunas.grumbinas,Ramunas GRUMBINAS
Pirker Stefan,4534,🇦🇹 (Austria),592,20-34,https://utmb.world/en/runner/4461226.stefan.pirker,Stefan PIRKER
Efremov Dmitrii,4732,🇦🇹 (Austria),591,20-34,https://utmb.world/en/runner/4461072.dmitrii.efremov,Dmitrii EFREMOV
Günter Hipfl,4717,🇦🇹 (Austria),590,50-54,https://utmb.world/en/runner/5025406.gunter.hipfl,Günter HIPFL
Attenhauser Markus,4750,🇩🇪 (Germany),589,35-39,https://utmb.world/en/runner/4214576.markus.attenhauser,Markus ATTENHAUSER
Jelisejevas Lukas Andrius,4309,🇱🇹 (Lithuania),589,20-34,https://utmb.world/en/runner/876027.lukasandrius.jelisejevas,Lukas Andrius JELISEJEVAS
Kathriner Reto,4663,🇨🇭 (Switzerland),589,50-54,https://utmb.world/en/runner/45085.reto.kathriner,Reto KATHRINER
Breitenlechner Simon,4602,🇦🇹 (Austria),588,50-54,https://utmb.world/en/runner/86075.simon.breitenlechner,Simon BREITENLECHNER
Mayr Matthias,4320,🇦🇹 (Austria),587,20-34,https://utmb.world/en/runner/5967022.bernhard.mayr,Bernhard MAYR
Tamble Thorsten,4425,🇩🇪 (Germany),587,40-44,https://utmb.world/en/runner/4184317.thorsten.tamble,Thorsten TAMBLE
Mayer Dominik,4445,🇦🇹 (Austria),586,20-34,https://utmb.world/en/runner/5444282.christoph.mayer,Christoph MAYER
Sietmann Alexander,4424,🇩🇪 (Germany),584,20-34,https://utmb.world/en/runner/4461234.alexander.sietmann,Alexander SIETMANN
Christensen Martin,4590,🇩🇰 (Denmark),582,35-39,https://utmb.world/en/runner/4939678.martin.christensen,Martin CHRISTENSEN
Maloberti Julian Gabriel,4400,🇮🇹 (Italy),582,20-34,https://utmb.world/en/runner/4373554.juliangabriel.maloberti,Julian Gabriel MALOBERTI
Orsucci Davide,4680,🇮🇹 (Italy),582,35-39,https://utmb.world/en/runner/1082517.davide.orsucci,Davide ORSUCCI
Wolf Maximilian,4891,🇩🇪 (Germany),581,20-34,https://utmb.world/en/runner/1392851.maximilian.wolf,Maximilian WOLF
Oberacker David,4383,🇩🇪 (Germany),580,35-39,https://utmb.world/en/runner/5492998.david.oberacker,David OBERACKER
Bonfert Benjamin,8023,🇩🇪 (Germany),579,40-44,https://utmb.world/en/runner/1581933.benjamin.bonfert,Benjamin BONFERT
Semmelmann Christoph,4821,🇩🇪 (Germany),579,20-34,https://utmb.world/en/runner/4460828.christoph.semmelmann,Christoph SEMMELMANN
Hilz Fabian,4764,🇩🇪 (Germany),577,20-34,https://utmb.world/en/runner/4211068.fabian.hilz,Fabian HILZ
Lutz Sebastian,4392,🇦🇹 (Austria),577,20-34,https://utmb.world/en/runner/5469990.sebastian.lutz,Sebastian LUTZ
Auch Steve,4786,🇩🇪 (Germany),576,40-44,https://utmb.world/en/runner/62790.steve.auch,Steve AUCH
Kolařík Vojtěch,4702,🇨🇿 (Czechia),576,20-34,https://utmb.world/en/runner/5306494.vojtech.kolarik,Vojtěch KOLAŘÍK
Lavelin Vitalii,4857,🇷🇺 (Russia),575,20-34,https://utmb.world/en/runner/4780442.vitalii.lavelin,Vitalii LAVELIN
Mader Christian,4403,🇦🇹 (Austria),575,20-34,https://utmb.world/en/runner/4218769.christian.mader,Christian MADER
Mitterecker Thomas,4599,🇦🇹 (Austria),575,20-34,https://utmb.world/en/runner/4615178.lukas.mitteregger,Lukas MITTEREGGER
Trenkwalder Marian,4288,🇦🇹 (Austria),575,20-34,https://utmb.world/en/runner/3036547.marian.trenkwalder,Marian TRENKWALDER
Puig Collderram Pol,4865,🇪🇸 (Spain),574,35-39,https://utmb.world/en/runner/206654.pol.puigcollderram,Pol PUIG COLLDERRAM
Schönebeck David,4825,🇩🇪 (Germany),572,35-39,https://utmb.world/en/runner/4015959.sebastian.schonnenbeck,Sebastian SCHÖNNENBECK
Dietachmayr Thomas,4360,🇦🇹 (Austria),571,45-49,https://utmb.world/en/runner/2237421.thomas.dietachmayr,Thomas DIETACHMAYR
Chacon Luis Carlos,4468,🇨🇷 (Costa Rica),569,35-39,https://utmb.world/en/runner/4118293.luiscarlos.chacon,Luis Carlos CHACON
Keppler Yannik,4515,🇩🇪 (Germany),569,20-34,https://utmb.world/en/runner/5949900.yannik.keppler,Yannik KEPPLER
Liss Viktor,4423,🇩🇪 (Germany),569,35-39,https://utmb.world/en/runner/4226473.viktor.liss,Viktor LISS
Wenzel Martin,4895,🇩🇪 (Germany),569,45-49,https://utmb.world/en/runner/4461112.martin.wenzel,Martin WENZEL
Loaiza Duran Arnoldo,4781,🇨🇷 (Costa Rica),568,40-44,https://utmb.world/en/runner/2295223.arnoldo.loaizaduran,Arnoldo LOAIZA DURAN
Schreiber Jörg,4867,🇩🇪 (Germany),568,60-64,https://utmb.world/en/runner/18747.jorg.schreiber,Jörg SCHREIBER
Tauer Martin,1026,🇩🇪 (Germany),568,40-44,https://utmb.world/en/runner/4277519.martin.tauer,Martin TAUER
Brida Hannes,4591,🇦🇹 (Austria),567,40-44,https://utmb.world/en/runner/1996473.hannes.brida,Hannes BRIDA
Bitter Robin,4401,🇩🇪 (Germany),566,60-64,https://utmb.world/en/runner/1602703.frank.ritter,Frank RITTER
Hinojosa Sebastian,4542,🇪🇨 (Ecuador),564,40-44,https://utmb.world/en/runner/1570903.davidhernan.proanohinojosa,David Hernan PROAÑO HINOJOSA
Macquet Mickael,4522,🇫🇷 (France),564,45-49,https://utmb.world/en/runner/3738597.mickael.marquet,Mickael MARQUET
Slanzi Giulio,4485,🇮🇹 (Italy),564,20-34,https://utmb.world/en/runner/5063081.giulio.slanzi,Giulio SLANZI
Tillmanns Philipp,4533,🇩🇪 (Germany),564,40-44,https://utmb.world/en/runner/3317827.philipp.tillmanns,Philipp TILLMANNS
Mehnert Christoph,4220,🇩🇪 (Germany),562,55-59,https://utmb.world/en/runner/65912.christoph.mehnert,Christoph MEHNERT
Stark Valentin,4743,🇩🇪 (Germany),562,20-34,https://utmb.world/en/runner/5950712.valentin.stark,Valentin STARK
Aumann Reinhard,4794,🇦🇹 (Austria),561,65-69,https://utmb.world/en/runner/4668426.norbert.amann,Norbert AMANN
Kölb Andreas,4741,🇩🇪 (Germany),561,40-44,https://utmb.world/en/runner/5022658.peter.kolb,Peter KOLB
Wimmer Lukas,4747,🇦🇹 (Austria),561,20-34,https://utmb.world/en/runner/4460844.lukas.wimmer,Lukas WIMMER
Schuck Nils,4492,🇩🇪 (Germany),560,50-54,https://utmb.world/en/runner/168480.nils.schuck,Nils SCHUCK
Eckhardt Thomas,4540,🇩🇪 (Germany),559,60-64,https://utmb.world/en/runner/62979.eckhardt.seher,Eckhardt SEHER
Schmarl Martin,4493,🇦🇹 (Austria),559,35-39,https://utmb.world/en/runner/4015831.martin.schmarl,Martin SCHMARL
Fischer Jacob,4768,🇦🇹 (Austria),558,40-44,https://utmb.world/en/runner/561724.harald.fischer,Harald FISCHER
Mondini Andrea,4405,🇮🇹 (Italy),558,40-44,https://utmb.world/en/runner/269332.andrea.mondini,Andrea MONDINI
Riediger Steffen,4749,🇩🇪 (Germany),558,45-49,https://utmb.world/en/runner/4002624.steffen.riediger,Steffen RIEDIGER
Strandman Marcus,4607,🇸🇪 (Sweden),558,45-49,https://utmb.world/en/runner/4201778.marcus.strandman,Marcus STRANDMAN
Bell John,4473,🇨🇦 (Canada),557,20-34,https://utmb.world/en/runner/4461268.john.bell,John BELL
Blümer Nils,4297,🇩🇪 (Germany),556,50-54,https://utmb.world/en/runner/4015643.nils.blumer,Nils BLÜMER
Hölting Robert,4555,🇩🇪 (Germany),556,45-49,https://utmb.world/en/runner/3964373.robert.hoelting,Robert HOELTING
Aschenbrenner Florian,4295,🇩🇪 (Germany),555,40-44,https://utmb.world/en/runner/4277374.florian.aschenbrenner,Florian ASCHENBRENNER
Gonda Tomáš,4782,🇸🇰 (Slovakia),555,20-34,https://utmb.world/en/runner/4461366.tomas.gonda,Tomáš GONDA
Koprivnik Robert,4726,🇦🇹 (Austria),555,50-54,https://utmb.world/en/runner/4461272.robert.koprivnik,Robert KOPRIVNIK
Flückiger Michael Alexander,4304,🇨🇭 (Switzerland),549,35-39,https://utmb.world/en/runner/2201223.michaelalexander.fluckiger,Michael Alexander FLÜCKIGER
Jandík Tomáš,4286,🇨🇿 (Czechia),548,20-34,https://utmb.world/en/runner/5306510.tomas.jandik,Tomáš JANDÍK
Machmer Jonas,4652,🇩🇪 (Germany),547,20-34,https://utmb.world/en/runner/5306514.jonas.machmer,Jonas MACHMER
Gschliesser Martin,4442,🇦🇹 (Austria),545,40-44,https://utmb.world/en/runner/1393469.martin.gschliesser,Martin GSCHLIESSER
Weicht Bernhard,4253,🇦🇹 (Austria),541,40-44,https://utmb.world/en/runner/3034671.bernhard.weicht,Bernhard WEICHT
Dreger Klaas,4487,🇦🇹 (Austria),540,35-39,https://utmb.world/en/runner/5453276.benjamin.dreier,Benjamin DREIER
Dreher Jonas,4645,🇦🇹 (Austria),540,35-39,https://utmb.world/en/runner/5453276.benjamin.dreier,Benjamin DREIER
Schaden Florian,4866,🇦🇹 (Austria),540,20-34,https://utmb.world/en/runner/4015951.florian.schaden,Florian SCHADEN
Sierwald Moritz,4226,🇩🇪 (Germany),538,35-39,https://utmb.world/en/runner/1392971.moritz.sierwald,Moritz SIERWALD
van Oort André,4639,🇳🇱 (Netherlands),538,35-39,https://utmb.world/en/runner/5086844.rens.vanoort,Rens VAN OORT
Richter Jan,4446,🇩🇪 (Germany),537,20-34,https://utmb.world/en/runner/5068355.jan.richter,Jan RICHTER
Gangl Christian,4621,🇦🇹 (Austria),536,40-44,https://utmb.world/en/runner/4570220.christian.gangl,Christian GANGL
Graebe Eric,4327,🇩🇪 (Germany),536,40-44,https://utmb.world/en/runner/4226499.eric.graebe,Eric GRAEBE
Hirschhuber Georg,4778,🇦🇹 (Austria),536,20-34,https://utmb.world/en/runner/4015857.georg.hirschhuber,Georg HIRSCHHUBER
Knoflach Matthias,4777,🇦🇹 (Austria),536,20-34,https://utmb.world/en/runner/4015858.mathias.knoflach,Mathias KNOFLACH
Bichler Werner,4830,🇦🇹 (Austria),535,40-44,https://utmb.world/en/runner/4668476.werner.bichler,Werner BICHLER
Althaus Stefan,4325,🇩🇪 (Germany),534,35-39,https://utmb.world/en/runner/5501164.stefan.althaus,Stefan ALTHAUS
Haider Gerhard,4246,🇦🇹 (Austria),534,40-44,https://utmb.world/en/runner/5305252.gerhard.haider,Gerhard HAIDER
Burmester Hannes,4269,🇩🇪 (Germany),532,35-39,https://utmb.world/en/runner/5259957.hannes.burmester,Hannes BURMESTER
Lehner Christopher,4871,🇦🇹 (Austria),532,20-34,https://utmb.world/en/runner/3739713.arvin.lehner,Arvin LEHNER
Schimek Adrian,4574,🇩🇪 (Germany),531,20-34,https://utmb.world/en/runner/4461960.adrian.schimek,Adrian SCHIMEK
Schich Maximilian,4407,🇩🇪 (Germany),530,20-34,https://utmb.world/en/runner/4218724.maximilian.schich,Maximilian SCHICH
Hernegger Thomas,4720,🇦🇹 (Austria),529,50-54,https://utmb.world/en/runner/4015967.thomas.hernegger,Thomas HERNEGGER
Gspandl Karl,4775,🇦🇹 (Austria),527,35-39,https://utmb.world/en/runner/1554407.karl.gspandl,Karl GSPANDL
Lampl Dietmar,4875,🇦🇹 (Austria),527,45-49,https://utmb.world/en/runner/267373.wolfgang.lampl,Wolfgang LAMPL
Neubauer Frans,4601,🇩🇪 (Germany),527,20-34,https://utmb.world/en/runner/5306528.frans.neubauer,Frans NEUBAUER
Frei Roger,4842,🇨🇭 (Switzerland),525,40-44,https://utmb.world/en/runner/3298931.roger.frei,Roger FREI
Verheul Nelson,4429,🇳🇱 (Netherlands),525,50-54,https://utmb.world/en/runner/5308260.nelson.verheul,Nelson VERHEUL
Lindner Dominik,4376,🇩🇪 (Germany),524,20-34,https://utmb.world/en/runner/4001827.dominik.lindner,Dominik LINDNER
Himmler Marcus,4626,🇩🇪 (Germany),522,20-34,https://utmb.world/en/runner/5493034.timo.immler,Timo IMMLER
Huber Sebastian,4839,🇩🇪 (Germany),522,40-44,https://utmb.world/en/runner/4214602.sebastian.huber,Sebastian HUBER
Larch Andreas,4634,🇦🇹 (Austria),522,40-44,https://utmb.world/en/runner/4219055.andreas.larch,Andreas LARCH
Olivier Nikolai,4216,🇦🇹 (Austria),522,45-49,https://utmb.world/en/runner/1995929.nikolai.olivier,Nikolai OLIVIER
Brettschneider Laurenz,4234,🇩🇪 (Germany),521,45-49,https://utmb.world/en/runner/5615842.frank.brettschneider,Frank BRETTSCHNEIDER
Kleimeyer Christian,4780,🇩🇪 (Germany),518,20-34,https://utmb.world/en/runner/4015826.christian.kleimeyer,Christian KLEIMEYER
Schneider Jan,4499,🇩🇪 (Germany),518,35-39,https://utmb.world/en/runner/5306544.jan.schneider,Jan SCHNEIDER
Stuhlinger Heiner,4524,🇩🇪 (Germany),518,35-39,https://utmb.world/en/runner/5306542.heiner.stuhlinger,Heiner STUHLINGER
Kretz Christopher,4837,🇩🇪 (Germany),517,45-49,https://utmb.world/en/runner/4376750.christoph.aretz,Christoph ARETZ
Peters Luca,4314,🇩🇪 (Germany),517,20-34,https://utmb.world/en/runner/4248944.lucaspeter.ellmer,Lucas Peter ELLMER
Yli-Krekola Juho,4877,🇫🇮 (Finland),517,45-49,https://utmb.world/en/runner/5427748.juho.ylikrekola,Juho YLI-KREKOLA
Venier Mario,4761,🇦🇹 (Austria),516,35-39,https://utmb.world/en/runner/5066145.markus.venier,Markus VENIER
Adler Bernd,4351,🇩🇪 (Germany),515,40-44,https://utmb.world/en/runner/3246353.christopher.adler,Christopher ADLER
Birkenmeier Stefan,4576,🇩🇪 (Germany),515,40-44,https://utmb.world/en/runner/4177083.stefan.birkenmeier,Stefan BIRKENMEIER
Moser Wolfgang,4236,🇦🇹 (Austria),515,60-64,https://utmb.world/en/runner/651791.wolfgang.moser,Wolfgang MOSER
Hilber Jonas,4440,🇮🇹 (Italy),514,20-34,https://utmb.world/en/runner/4460890.jonas.hilber,Jonas HILBER
Holzmüller Michael,4864,🇩🇪 (Germany),514,20-34,https://utmb.world/en/runner/4015913.michael.holzmuller,Michael HOLZMÜLLER
Walz Udo,4612,🇩🇪 (Germany),514,55-59,https://utmb.world/en/runner/4461984.udo.walz,Udo WALZ
Mariacher Florian,4887,🇩🇪 (Germany),509,45-49,https://utmb.world/en/runner/4461136.florian.mariacher,Florian MARIACHER
Burette Louis,4767,🇫🇷 (France),508,20-34,https://utmb.world/en/runner/4260854.louis.burette,Louis BURETTE
Bodenstein Lars,4660,🇩🇪 (Germany),505,50-54,https://utmb.world/en/runner/534409.lars.hohenstein,Lars HOHENSTEIN
Goulaieff Louis,4667,🇫🇷 (France),505,20-34,https://utmb.world/en/runner/4219701.louis.goulaieff,Louis GOULAIEFF
Segal Jérôme,4771,🇫🇷 (France),505,50-54,https://utmb.world/en/runner/181239.jerome.segal,Jerome SEGAL
Egger Gerald,4520,🇦🇹 (Austria),504,20-34,https://utmb.world/en/runner/5444320.gerald.egger,Gerald EGGER
Grabner Patrick,4402,🇦🇹 (Austria),504,35-39,https://utmb.world/en/runner/4461392.patrick.grabner,Patrick GRABNER
Baruk Andreas,4813,🇦🇹 (Austria),502,20-34,https://utmb.world/en/runner/4248891.andreas.baruk,Andreas BARUK
Jenewein Christian,4369,🇦🇹 (Austria),502,35-39,https://utmb.world/en/runner/3034669.christian.jenewein,Christian JENEWEIN
Lackner Philipp,4793,🇦🇹 (Austria),501,40-44,https://utmb.world/en/runner/968245.philipp.lackner,Philipp LACKNER
Röhrl Florian,4669,🇩🇪 (Germany),501,20-34,https://utmb.world/en/runner/5286818.florian.rohrl,Florian RÖHRL
Stocker Simon,4324,🇩🇪 (Germany),501,20-34,https://utmb.world/en/runner/4462028.simon.stocker,Simon STOCKER
Weichert Stefan,4388,🇩🇪 (Germany),501,40-44,https://utmb.world/en/runner/5328664.stefan.weichert,Stefan WEICHERT
de Boer Peter,4488,🇳🇱 (Netherlands),501,50-54,https://utmb.world/en/runner/5062069.peter.deboer,Peter DE BOER
Bradley Chris,4754,🇬🇧 (United Kingdom),500,40-44,https://utmb.world/en/runner/4677696.chris.bradley,Chris BRADLEY
Fiks Thomas,4310,🇩🇪 (Germany),499,35-39,https://utmb.world/en/runner/1393093.thomas.fiks,Thomas FIKS
Rosenecker Tobias,4377,🇩🇪 (Germany),499,20-34,https://utmb.world/en/runner/5407956.tobias.rosenecker,Tobias ROSENECKER
Buchberger Roland,4594,🇦🇹 (Austria),497,45-49,https://utmb.world/en/runner/2124881.roland.buchberger,Roland BUCHBERGER
Llano Carlos,4298,🇪🇸 (Spain),497,40-44,https://utmb.world/en/runner/193148.carlos.llanofernandez,Carlos LLANO FERNANDEZ
Müller Marc,4696,🇩🇪 (Germany),495,35-39,https://utmb.world/en/runner/5393416.marc.muller,Marc MÜLLER
Richert Axel,4490,🇩🇪 (Germany),494,20-34,https://utmb.world/en/runner/5305728.axel.richert,Axel RICHERT
Weiss Paul,4691,🇮🇹 (Italy),493,20-34,https://utmb.world/en/runner/5306822.paul.weiss,Paul WEISS
Korn Roland,4713,🇩🇪 (Germany),492,35-39,https://utmb.world/en/runner/951527.roland.korn,Roland KORN
Rotter Philipp,4342,🇩🇪 (Germany),492,20-34,https://utmb.world/en/runner/4580020.lukas.rotter,Lukas ROTTER
Stuhl Moritz,4365,🇩🇪 (Germany),492,45-49,https://utmb.world/en/runner/168507.matthias.stuhl,Matthias STUHL
Jonaitis Darius,4776,🇱🇹 (Lithuania),490,50-54,https://utmb.world/en/runner/3553515.darius.jonaitis,Darius JONAITIS
Fuchs Eric,4832,🇩🇪 (Germany),489,20-34,https://utmb.world/en/runner/5493060.eric.fuchs,Eric FUCHS
Gnemmi Andrea,4294,🇮🇹 (Italy),489,55-59,https://utmb.world/en/runner/1996645.andrea.gnemmi,Andrea GNEMMI
Przystaw Maxim,4751,🇩🇪 (Germany),489,35-39,https://utmb.world/en/runner/3486767.maxim.przystaw,Maxim PRZYSTAW
Kühnemann Pablo,4484,🇩🇪 (Germany),488,20-34,https://utmb.world/en/runner/5305746.pablo.kuhnemann,Pablo KÜHNEMANN
Jäger Clemens,4268,🇦🇹 (Austria),487,40-44,https://utmb.world/en/runner/4461482.clemens.jager,Clemens JÄGER
Wolfart David,4470,🇦🇹 (Austria),487,50-54,https://utmb.world/en/runner/4460924.david.wolfart,David WOLFART
de Haas Freek,4649,🇳🇱 (Netherlands),487,55-59,https://utmb.world/en/runner/1502413.marc.dehaas,Marc DE HAAS
Texler Norbert,4263,🇦🇹 (Austria),486,60-64,https://utmb.world/en/runner/5306026.norbert.texler,Norbert TEXLER
Fankhauser Johannes,4460,🇦🇹 (Austria),480,20-34,https://utmb.world/en/runner/5305298.johannes.fankhauser,Johannes FANKHAUSER
Hechenberger Philipp,4202,🇦🇹 (Austria),480,20-34,https://utmb.world/en/runner/5305854.philipp.hechenberger,Philipp HECHENBERGER
Meyer Gerald,4799,🇩🇪 (Germany),480,50-54,https://utmb.world/en/runner/479340.gerald.meyer,Gerald MEYER
Meyer Dominik,4411,🇩🇪 (Germany),479,20-34,https://utmb.world/en/runner/4221629.dominik.meyer,Dominik MEYER
Metzdorf Götz,4333,🇩🇪 (Germany),478,60-64,https://utmb.world/en/runner/4461006.goetz.metzdorf,Goetz METZDORF
Unterluggauer Alois,4258,🇦🇹 (Austria),478,40-44,https://utmb.world/en/runner/5286830.werner.unterluggauer,Werner UNTERLUGGAUER
Unterluggauer Jan,4240,🇦🇹 (Austria),478,40-44,https://utmb.world/en/runner/5286830.werner.unterluggauer,Werner UNTERLUGGAUER
Schmelzle Elorriaga Mikel,4619,🇩🇪 (Germany),476,20-34,https://utmb.world/en/runner/5373988.jorit.schmelzle,Jorit SCHMELZLE
Ackermann Lukas,4736,🇩🇪 (Germany),474,35-39,https://utmb.world/en/runner/1128791.michael.ackermann,Michael ACKERMANN
Unterluggauer Tim,4222,🇦🇹 (Austria),474,20-34,https://utmb.world/en/runner/4015615.tim.unterluggauer,Tim UNTERLUGGAUER
Schäfer Thomas,4665,🇩🇪 (Germany),473,20-34,https://utmb.world/en/runner/5444414.thomas.schafer,Thomas SCHÄFER
Schmid Yves,4343,🇩🇪 (Germany),471,45-49,https://utmb.world/en/runner/1413077.yves.schmid,Yves SCHMID
Bredar Paul Edgar,4666,🇫🇷 (France),470,20-34,https://utmb.world/en/runner/3148417.pauledgar.bredar,Paul Edgar BREDAR
Moggi Christoph,4835,🇨🇭 (Switzerland),470,60-64,https://utmb.world/en/runner/80636.christoph.moggi,Christoph MOGGI
Dax Adi,4840,🇦🇹 (Austria),467,55-59,https://utmb.world/en/runner/1479309.adi.dax,Adi DAX
Meißner Daniel,4766,🇩🇪 (Germany),467,40-44,https://utmb.world/en/runner/2368627.daniel.meissner,Daniel MEIßNER
Murrer Diego,4828,🇦🇹 (Austria),465,35-39,https://utmb.world/en/runner/4015739.diego.murrer,Diego MURRER
Bavassano Carlo,4408,🇮🇹 (Italy),464,40-44,https://utmb.world/en/runner/4015463.carlo.bavassano,Carlo BAVASSANO
Kopp Christian,4456,🇦🇹 (Austria),464,55-59,https://utmb.world/en/runner/526988.arnold.kopp,Arnold KOPP
Lang Julian,4543,🇩🇪 (Germany),464,20-34,https://utmb.world/en/runner/4461614.julian.lang,Julian LANG
Poloczek Lucas,4349,🇩🇪 (Germany),464,40-44,https://utmb.world/en/runner/4797762.lucas.poloczek,Lucas POLOCZEK
Temmel Peter,4260,🇦🇹 (Austria),464,20-34,https://utmb.world/en/runner/5306590.peter.temmel,Peter TEMMEL
Jenewein Alexander,4633,🇦🇹 (Austria),463,40-44,https://utmb.world/en/runner/5305844.alexander.jenewein,Alexander JENEWEIN
Kramer Dominik,6020,🇦🇹 (Austria),463,20-34,https://utmb.world/en/runner/3035989.dominik.kramer,Dominik KRAMER
Aigner Tobias,4293,🇩🇪 (Germany),462,20-34,https://utmb.world/en/runner/5305332.tobias.aigner,Tobias AIGNER
Breuch Frank,4444,🇩🇪 (Germany),462,50-54,https://utmb.world/en/runner/4227331.frank.breuch,Frank BREUCH
Affetti Lorenzo,4647,🇮🇹 (Italy),458,20-34,https://utmb.world/en/runner/5558798.lorenzo.affetti,Lorenzo AFFETTI
Kathrein Bernhard,4457,🇦🇹 (Austria),458,40-44,https://utmb.world/en/runner/4218990.bernhard.kathrein,Bernhard KATHREIN
Stadlöder Nikolas,4868,🇩🇪 (Germany),458,60-64,https://utmb.world/en/runner/5411446.karlheinz.stadler,Karlheinz STADLER
Klenner Jacob,4516,🇳🇿 (New Zealand),456,20-34,https://utmb.world/en/runner/5946818.jacob.klenner,Jacob KLENNER
Lampe Philip,4205,🇩🇪 (Germany),456,20-34,https://utmb.world/en/runner/5306600.philip.lampe,Philip LAMPE
Troost Enrico,4554,🇩🇪 (Germany),455,65-69,https://utmb.world/en/runner/65878.reiner.trost,Reiner TROST
Heuser Jacob,4433,🇩🇪 (Germany),454,20-34,https://utmb.world/en/runner/5306606.jacob.heuser,Jacob HEUSER
Käser Philipp,4248,🇩🇪 (Germany),454,20-34,https://utmb.world/en/runner/4214673.philipp.kaser,Philipp KÄSER
Scherler Remo,4869,🇨🇭 (Switzerland),454,35-39,https://utmb.world/en/runner/4160237.remo.scherler,Remo SCHERLER
Zhou Qing,4873,🇨🇳 (China),454,50-54,https://utmb.world/en/runner/4684650.qingchunzhou.qingchunzhou,Qingchun Zhou QINGCHUN ZHOU
Kammerer Jochen,4523,🇩🇪 (Germany),452,45-49,https://utmb.world/en/runner/1060221.jochen.kammerer,Jochen KAMMERER
Fischer Florentin,4700,🇩🇪 (Germany),449,20-34,https://utmb.world/en/runner/5066137.florentin.fischer,Florentin FISCHER
Riedle Christoph,4410,🇩🇪 (Germany),449,60-64,https://utmb.world/en/runner/81025.manfred.riedle,Manfred RIEDLE
Struve Lennart,4339,🇩🇪 (Germany),449,20-34,https://utmb.world/en/runner/5306612.lennart.struve,Lennart STRUVE
Berg Markus,4650,🇩🇪 (Germany),448,40-44,https://utmb.world/en/runner/5522322.markus.berg,Markus BERG
Greppmayr Sandro,4254,🇦🇹 (Austria),448,35-39,https://utmb.world/en/runner/5306622.sandro.greppmayr,Sandro GREPPMAYR
Knäusl Philipp,4211,🇩🇪 (Germany),447,45-49,https://utmb.world/en/runner/1576327.philipp.knausl,Philipp KNÄUSL
Schretthauser Martin,4381,🇦🇹 (Austria),447,55-59,https://utmb.world/en/runner/344731.martin.schretthauser,Martin SCHRETTHAUSER
Arauner Uwe,4722,🇩🇪 (Germany),446,65-69,https://utmb.world/en/runner/1393455.uwe.arauner,Uwe ARAUNER
Canteri Marco,4397,🇮🇹 (Italy),446,20-34,https://utmb.world/en/runner/2000439.marco.canteri,Marco CANTERI
Dreger Tom,4287,🇩🇪 (Germany),446,55-59,https://utmb.world/en/runner/1060393.tom.dreger,Tom DREGER
Stallworthy Jack Alexander,4292,🇩🇪 (Germany),446,20-34,https://utmb.world/en/runner/4388302.jack.stallworthy,Jack STALLWORTHY
Kröner Michael,4261,🇩🇪 (Germany),445,65-69,https://utmb.world/en/runner/56810.hans.kroner,Hans KRONER
Moga Leonard,4262,🇷🇴 (Romania),445,45-49,https://utmb.world/en/runner/3857889.leonard.moga,Leonard MOGA
Diederen Eric,4322,🇳🇱 (Netherlands),444,45-49,https://utmb.world/en/runner/5305928.eric.diederen,Eric DIEDEREN
Nole Alarcon Jorge,4841,🇵🇪 (Peru),444,20-34,https://utmb.world/en/runner/5454182.jorge.nole,Jorge NOLE
Broft Moritz,4341,🇩🇪 (Germany),443,35-39,https://utmb.world/en/runner/4174845.thomas.proft,Thomas PROFT
Prossinger Jakob,4566,🇦🇹 (Austria),443,45-49,https://utmb.world/en/runner/5312880.peter.grossinger,Peter GRÖSSINGER
Schlug Christoph,4545,🇩🇪 (Germany),443,35-39,https://utmb.world/en/runner/4226520.christoph.schlug,Christoph SCHLUG
Auel Björn,4672,🇩🇪 (Germany),442,45-49,https://utmb.world/en/runner/5306628.bjorn.auel,Björn AUEL
Schenkelberg Uwe,4513,🇩🇪 (Germany),442,35-39,https://utmb.world/en/runner/4226523.uwe.schenkelberg,Uwe SCHENKELBERG
Van der Wagt Jafeth,4723,🇳🇱 (Netherlands),442,20-34,https://utmb.world/en/runner/5073517.jafeth.vanderwagt,Jafeth VAN DER WAGT
Otto Thomas,4615,🇩🇪 (Germany),440,20-34,https://utmb.world/en/runner/4218832.thomas.otto,Thomas OTTO
Pflugfelder Calvin,4637,🇩🇪 (Germany),439,20-34,https://utmb.world/en/runner/5444148.calvin.pflugfelder,Calvin PFLUGFELDER
Frey Patrick,4673,🇩🇪 (Germany),438,20-34,https://utmb.world/en/runner/4015875.patrick.frey,Patrick FREY
Volgger Michael,4694,🇦🇹 (Austria),438,20-34,https://utmb.world/en/runner/5306636.michael.volgger,Michael VOLGGER
Jaramillo Nicolas,4301,🇨🇱 (Chile),437,20-34,https://utmb.world/en/runner/4461002.nicolas.jaramillo,Nicolas JARAMILLO
Kraus Marek,4572,🇩🇪 (Germany),435,45-49,https://utmb.world/en/runner/4002563.marek.kraus,Marek KRAUS
Neuß Marcus,4307,🇩🇪 (Germany),435,40-44,https://utmb.world/en/runner/510629.marcus.neuss,Marcus NEUSS
Göbel Philipp,4472,🇩🇪 (Germany),433,35-39,https://utmb.world/en/runner/5306652.philipp.gobel,Philipp GÖBEL
Schwuchow Dirk,4773,🇩🇪 (Germany),433,50-54,https://utmb.world/en/runner/4433086.dirk.schwuchow,Dirk SCHWUCHOW
Hartlieb Artur,4393,🇩🇪 (Germany),432,20-34,https://utmb.world/en/runner/5327468.artur.hartlieb,Artur HARTLIEB
Rothermel Meinold,4697,🇩🇪 (Germany),432,40-44,https://utmb.world/en/runner/4277418.torsten.rothermel,Torsten ROTHERMEL
Rothermel Torsten,4223,🇩🇪 (Germany),432,40-44,https://utmb.world/en/runner/4277418.torsten.rothermel,Torsten ROTHERMEL
Walkner Stefan,4477,🇦🇹 (Austria),432,40-44,https://utmb.world/en/runner/5305974.stefan.walkner,Stefan WALKNER
Finkbeiner Karl,4788,🇩🇪 (Germany),430,20-34,https://utmb.world/en/runner/5522512.max.finkbeiner,Max FINKBEINER
Ott Stefan,4380,🇨🇭 (Switzerland),429,40-44,https://utmb.world/en/runner/4666316.stefan.ott,Stefan OTT
Zais Mario,4311,🇦🇹 (Austria),428,50-54,https://utmb.world/en/runner/4218981.mario.zais,Mario ZAIS
Strasser Dominik,4266,🇩🇪 (Germany),426,35-39,https://utmb.world/en/runner/1996903.dominik.strasser,Dominik STRASSER
Ladner Maximilian,4784,🇦🇹 (Austria),425,50-54,https://utmb.world/en/runner/3285241.lanner.gottfried,Lanner GOTTFRIED
Hübl-Neschkudla Patrick,4829,🇦🇹 (Austria),424,20-34,https://utmb.world/en/runner/4461710.patrick.hublneschkudla,Patrick HÜBL-NESCHKUDLA
Poernbacher Felix,4735,🇩🇪 (Germany),424,20-34,https://utmb.world/en/runner/5501232.felix.poernbacher,Felix POERNBACHER
Ibojan Ibo,4384,🇳🇱 (Netherlands),421,20-34,https://utmb.world/en/runner/5306666.ibo.ibojan,Ibo IBOJAN
Lang David,4271,🇦🇹 (Austria),419,20-34,https://utmb.world/en/runner/5306672.david.lang,David LANG
Hibler Nikolai,4336,🇩🇪 (Germany),416,20-34,https://utmb.world/en/runner/4461724.nikolai.hibler,Nikolai HIBLER
Fittkau Jacob,4504,🇩🇪 (Germany),411,40-44,https://utmb.world/en/runner/5306684.jacob.fittkau,Jacob FITTKAU
Persiel Ane,4538,🇩🇪 (Germany),411,55-59,https://utmb.world/en/runner/298219.arne.persiel,Arne PERSIEL
Prodanov Kaloyan,4838,🇧🇬 (Bulgaria),410,35-39,https://utmb.world/en/runner/5489192.kaloyan.prodanov,Kaloyan PRODANOV
Edelhäußer Markus,4531,🇩🇪 (Germany),408,45-49,https://utmb.world/en/runner/3318183.markus.edelhausser,Markus EDELHÄUSSER
Nevinny-Stickel Philip,4354,🇦🇹 (Austria),408,20-34,https://utmb.world/en/runner/5306108.philip.nevinnystickel,Philip NEVINNY-STICKEL
Gallitz Christian,4559,🇩🇪 (Germany),407,50-54,https://utmb.world/en/runner/5328886.christian.gallitz,Christian GALLITZ
Schaible Jens,4356,🇩🇪 (Germany),405,65-69,https://utmb.world/en/runner/20030.kornelius.scheibleoosterkamp,Kornelius SCHEIBLE-OOSTERKAMP
Valies Mark,4575,🇳🇱 (Netherlands),405,45-49,https://utmb.world/en/runner/1307519.mark.valies,Mark VALIES
Verwey Jamie,4281,🇬🇧 (United Kingdom),405,20-34,https://utmb.world/en/runner/5496128.bill.verwey,Bill VERWEY
Broeks Joris,4759,🇳🇱 (Netherlands),400,20-34,https://utmb.world/en/runner/2228153.joris.broeks,Joris BROEKS
Geipert Tobias,4762,🇩🇪 (Germany),399,40-44,https://utmb.world/en/runner/347461.tobias.geipert,Tobias GEIPERT
Plainer Julian,4860,🇦🇹 (Austria),399,35-39,https://utmb.world/en/runner/4668614.michael.lainer,Michael LAINER
Adomeit Michael,4422,🇩🇪 (Germany),398,45-49,https://utmb.world/en/runner/510628.michael.adomeit,Michael ADOMEIT
Schäfer Simon,4252,🇩🇪 (Germany),398,35-39,https://utmb.world/en/runner/5305406.simon.schafer,Simon SCHÄFER
Wieser Martin,4379,🇦🇹 (Austria),397,45-49,https://utmb.world/en/runner/4461774.martin.wieser,Martin WIESER
Böhm Josef,4654,🇩🇪 (Germany),395,20-34,https://utmb.world/en/runner/5501132.josef.bohm,Josef BÖHM
Steudel Tino,4592,🇩🇪 (Germany),395,50-54,https://utmb.world/en/runner/4953134.tino.steudel,Tino STEUDEL
Noll Thomas,4562,🇩🇪 (Germany),392,20-34,https://utmb.world/en/runner/876079.niko.noll,Niko NOLL
Zuschrott Felix,4409,🇦🇹 (Austria),392,20-34,https://utmb.world/en/runner/5067403.felix.zuschrott,Felix ZUSCHROTT
Higgins John,4436,🇬🇧 (United Kingdom),391,50-54,https://utmb.world/en/runner/5600092.john.higgins,John HIGGINS
Williges Keith,4815,🇺🇸 (United States),389,35-39,https://utmb.world/en/runner/5060481.keith.williges,Keith WILLIGES
Lahdo Somar,4856,🇩🇪 (Germany),387,40-44,https://utmb.world/en/runner/2368065.somar.lahdo,Somar LAHDO
Mair Michael,4374,🇩🇪 (Germany),382,65-69,https://utmb.world/en/runner/1995957.michael.mair,Michael MAIR
Nguyen Thanh,4734,🇩🇪 (Germany),380,40-44,https://utmb.world/en/runner/5144994.nguyenthanh.dinh,Nguyen Thanh DINH
Jansen Christen,4207,🇩🇪 (Germany),379,35-39,https://utmb.world/en/runner/5072947.christen.jansen,Christen JANSEN
Braun David,4622,🇩🇪 (Germany),378,20-34,https://utmb.world/en/runner/5444448.david.braun,David BRAUN
Hodierne Francois,4651,🇫🇷 (France),377,40-44,https://utmb.world/en/runner/5305484.francois.hodierne,François HODIERNE
Föhr Jochen,4435,🇩🇪 (Germany),374,55-59,https://utmb.world/en/runner/5306726.jochen.fohr,Jochen FÖHR
Eder Sebastian,4675,🇦🇹 (Austria),373,20-34,https://utmb.world/en/runner/5306728.sebastian.eder,Sebastian EDER
Klotz Bernhard,4530,🇩🇪 (Germany),367,20-34,https://utmb.world/en/runner/4462082.bernhard.klotz,Bernhard KLOTZ
Mischke Norbert,4201,🇩🇪 (Germany),367,40-44,https://utmb.world/en/runner/5306738.norbert.mischke,Norbert MISCHKE
Hocheder Andreas,4827,🇦🇹 (Austria),366,20-34,https://utmb.world/en/runner/5305442.andreas.hocheder,Andreas HOCHEDER
Talluto Matthew,4631,🇮🇹 (Italy),363,45-49,https://utmb.world/en/runner/4705138.maya.talluto,Maya TALLUTO
Lauk Lukas,4447,🇩🇪 (Germany),362,20-34,https://utmb.world/en/runner/4471231.lukas.lauk,Lukas LAUK
Lorin Loic,4772,🇫🇷 (France),361,45-49,https://utmb.world/en/runner/5329136.loic.lorin,Loic LORIN
Buchta Jiří,4508,🇨🇿 (Czechia),360,40-44,https://utmb.world/en/runner/5487000.zbynek.buchta,Zbyněk BUCHTA
Böhm Alexander,4418,🇩🇪 (Germany),352,40-44,https://utmb.world/en/runner/5061583.alexander.bohm,Alexander BOHM
Hamann Arne,4758,🇩🇪 (Germany),329,50-54,https://utmb.world/en/runner/4512400.michael.hamann,Michael HAMANN
Eliskases Simon,4567,🇦🇹 (Austria),319,20-34,https://utmb.world/en/runner/5306384.martin.eliskases,Martin ELISKASES
Wolff David,4653,🇩🇪 (Germany),317,45-49,https://utmb.world/en/runner/5551672.david.wolf,David WOLF
Stott Anton-Mari,4239,🇿🇦 (South Africa),315,35-39,https://utmb.world/en/runner/5067301.gareth.stott,Gareth STOTT
Stott Gareth,4655,🇿🇦 (South Africa),315,35-39,https://utmb.world/en/runner/5067301.gareth.stott,Gareth STOTT
Meryk Andreas,4257,🇩🇪 (Germany),313,40-44,https://utmb.world/en/runner/5306766.andreas.meryk,Andreas MERYK
Pandya Raj,4643,🇬🇧 (United Kingdom),311,55-59,https://utmb.world/en/runner/5413106.vipul.pandya,Vipul PANDYA
Petkov Todor,4744,🇧🇬 (Bulgaria),307,20-34,https://utmb.world/en/runner/5401922.todor.petkov,Todor PETKOV
Seidl Christian,4613,🇦🇹 (Austria),292,55-59,https://utmb.world/en/runner/5287268.christian.seidl,Christian SEIDL
Altar Royi,4233,🇮🇱 (Israel),0,50-54,https://utmb.world/en/runner/3589117.roni.altar,Roni ALTAR
Bachmann Alexander,4251,🇩🇪 (Germany),0,20-34,https://utmb.world/en/runner/4015416.alexander.bachmann,Alexander BACHMANN
Badstugber Winfried,4503,🇩🇪 (Germany),0,,,
Bantin Tim,4806,🇩🇪 (Germany),0,,,
Bauland Marc,4359,🇩🇪 (Germany),0,35-39,https://utmb.world/en/runner/321386.daniel.rauland,Daniel RAULAND
Bellier Kadir Serhat,4235,🇦🇹 (Austria),0,,,
Benzing Martin Lukas,4340,🇩🇪 (Germany),0,50-54,https://utmb.world/en/runner/298130.dirk.benzing,Dirk BENZING
Biasioli Stefan,4455,🇦🇹 (Austria),0,,,
Boels Thomas,4715,🇦🇹 (Austria),0,,,
Bräuer Daniel,4395,🇩🇪 (Germany),0,50-54,https://utmb.world/en/runner/3316911.daniel.brauer,Daniel BRÄUER
Brümmer Thorsten,4564,🇩🇪 (Germany),0,35-39,https://utmb.world/en/runner/3300527.thorsten.brummer,Thorsten BRÜMMER
Burmehl Louis,4237,🇩🇪 (Germany),0,,,
Büchter Björn,4859,🇩🇪 (Germany),0,60-64,https://utmb.world/en/runner/2886.martin.buchter,Martin BÜCHTER
Crilly Drew,4878,🇺🇸 (United States),0,60-64,https://utmb.world/en/runner/115980.joe.crilly,Joe CRILLY
Daziale Simon,2323,🇮🇹 (Italy),0,,,
Deistler Victor,4346,🇩🇪 (Germany),0,20-34,https://utmb.world/en/runner/5305490.victor.deistler,Victor DEISTLER
Demuth Patrick,4326,🇩🇪 (Germany),0,40-44,https://utmb.world/en/runner/3194161.patrick.demuth,Patrick DEMUTH
Depré Rainer,4692,🇩🇪 (Germany),0,55-59,https://utmb.world/en/runner/949027.rainer.depre,Rainer DEPRE
Deutscher Julian,4668,🇩🇪 (Germany),0,45-49,https://utmb.world/en/runner/674876.matthias.deutscher,Matthias DEUTSCHER
Dickbauer Yanick,4250,🇦🇹 (Austria),0,,,
Dierigl Christian,4305,🇩🇪 (Germany),0,55-59,https://utmb.world/en/runner/81223.thomas.dirrigl,Thomas DIRRIGL
Dietrich Christian,4588,🇩🇪 (Germany),0,35-39,https://utmb.world/en/runner/675356.christian.dietrich,Christian DIETRICH
Distel Hardy,4213,🇩🇪 (Germany),0,70-74,https://utmb.world/en/runner/69639.joachim.diestelhug,Joachim DIESTEL-HUG
Dollenberg Hennes,4770,🇩🇪 (Germany),0,75-79,https://utmb.world/en/runner/64499.klaus.vollenberg,Klaus VOLLENBERG
Drechsler Christian,4810,🇩🇪 (Germany),0,55-59,https://utmb.world/en/runner/46762.thomas.drechsler,Thomas DRECHSLER
Drude Jonathan,4404,🇩🇪 (Germany),0,35-39,https://utmb.world/en/runner/62795.chris.druke,Chris DRÜKE
Dürrholder Marius,4727,🇩🇪 (Germany),0,,,
Eckermann Andreas,3927,🇩🇪 (Germany),0,35-39,https://utmb.world/en/runner/3175345.andreas.lechermann,Andreas LECHERMANN
Egger Daniel,4796,🇦🇹 (Austria),0,20-34,https://utmb.world/en/runner/5307308.daniel.egger,Daniel EGGER
Eibensteiner Arnold,4280,🇦🇹 (Austria),0,35-39,https://utmb.world/en/runner/3283919.eibensteiner.arnold,Eibensteiner ARNOLD
Ennemoser Thomas,4390,🇦🇹 (Austria),0,45-49,https://utmb.world/en/runner/1582151.thomas.ennemoser,Thomas ENNEMOSER
Esenwein Alexander,4733,🇩🇪 (Germany),0,,,
Farbmacher Elias,4685,🇦🇹 (Austria),0,35-39,https://utmb.world/en/runner/141562.thomas.farbmacher,Thomas FARBMACHER
Fellhauer Colin,4854,🇩🇪 (Germany),0,55-59,https://utmb.world/en/runner/2206175.klaus.feldbauer,Klaus FELDBAUER
Flasch Moritz,4731,🇦🇹 (Austria),0,35-39,https://utmb.world/en/runner/5988399.armin.blasch,Armin Blasch
Forster Clemens,4345,🇦🇹 (Austria),0,40-44,https://utmb.world/en/runner/5425662.daniel.forster,Daniel FORSTER
Fürtler Stefan,4306,🇦🇹 (Austria),0,35-39,https://utmb.world/en/runner/699323.christoph.gurtler,Christoph GÜRTLER
Gecse Laurin,4208,🇦🇹 (Austria),0,20-34,https://utmb.world/en/runner/3034661.laurin.gecse,Laurin GECSE
Gelbenegger Klemens,4763,🇦🇹 (Austria),0,,,
Grahle Alexander,4659,🇩🇪 (Germany),0,50-54,https://utmb.world/en/runner/69371.robert.grahl,Robert GRAHL
Grandel Sven,4597,🇩🇪 (Germany),0,50-54,https://utmb.world/en/runner/300190.jurgen.grande,Jürgen GRANDE
Groneberg Simon,4221,🇩🇪 (Germany),0,35-39,https://utmb.world/en/runner/5305470.simon.groneberg,Simon GRONEBERG
Gruber Hannes,4760,🇦🇹 (Austria),0,40-44,https://utmb.world/en/runner/57207.hannes.gruber,Hannes GRUBER
Gössnitzer Jürgen,4316,🇦🇹 (Austria),0,45-49,https://utmb.world/en/runner/1996663.jurgen.gossnitzer,Jürgen GÖSSNITZER
Günther Fabian,4243,🇩🇪 (Germany),0,20-34,https://utmb.world/en/runner/5569413.fabian.gunther,Fabian GUNTHER
Habel Johannes,4578,🇩🇪 (Germany),0,20-34,https://utmb.world/en/runner/5329150.johannes.zabel,Johannes ZABEL
Hahn Martin,4844,🇩🇪 (Germany),0,55-59,https://utmb.world/en/runner/143248.hansmartin.spatzier,Hansmartin SPATZIER
Hajicek Jiri,4270,🇨🇿 (Czechia),0,20-34,https://utmb.world/en/runner/5977329.jiri.zajicek,Jirí Zajícek
Hamelle Antoine,4686,🇫🇷 (France),0,35-39,https://utmb.world/en/runner/311637.clement.hamelle,Clement HAMELLE
Heimbach Hannes,4589,🇩🇪 (Germany),0,40-44,https://utmb.world/en/runner/2203015.martin.leimbach,Martin LEIMBACH
Hirsch Gunther,4317,🇩🇪 (Germany),0,50-54,https://utmb.world/en/runner/3318051.gunther.hirsch,Gunther HIRSCH
Holzknecht Walter,4795,🇦🇹 (Austria),0,60-64,https://utmb.world/en/runner/57065.walter.holzknecht,Walter HOLZKNECHT
Honecker Markus,4466,🇩🇪 (Germany),0,60-64,https://utmb.world/en/runner/3859707.markus.honecker,Markus HONECKER
Honis Alexander,4497,🇩🇪 (Germany),0,65-69,https://utmb.world/en/runner/56961.franz.honis,Franz HONIS
Höffgen Fabian,4427,🇩🇪 (Germany),0,35-39,https://utmb.world/en/runner/4015810.fabian.hoffgen,Fabian HÖFFGEN
Höflich Maximilian,4363,🇩🇪 (Germany),0,,,
Jaen Diego,4593,🇪🇸 (Spain),0,35-39,https://utmb.world/en/runner/4288880.diego.jaen,Diego JAÉN
Janneck Tobias,4563,🇩🇪 (Germany),0,40-44,https://utmb.world/en/runner/915517.tobias.janneck,Tobias JANNECK
Jungwirth Thomas,4210,🇩🇪 (Germany),0,35-39,https://utmb.world/en/runner/3035667.thomas.jungwirth,Thomas JUNGWIRTH
Kallidis Georg,4539,🇩🇪 (Germany),0,,,
Klenke Kevin,4620,🇩🇪 (Germany),0,50-54,https://utmb.world/en/runner/66970.thorsten.klenke,Thorsten KLENKE
Klüppel Fabian,4709,🇩🇪 (Germany),0,20-34,https://utmb.world/en/runner/2236357.fabian.kluppel,Fabian KLÜPPEL
Knidlberger Armin,4783,🇩🇪 (Germany),0,55-59,https://utmb.world/en/runner/68223.armin.knidlberger,Armin KNIDLBERGER
Koch Mario,4801,🇩🇪 (Germany),0,60-64,https://utmb.world/en/runner/65959.mario.koch,Mario KOCH
Korb Helmut,4570,🇦🇹 (Austria),0,40-44,https://utmb.world/en/runner/4259548.helmut.korb,Helmut KORB
Koslowski Stefan,4274,🇩🇪 (Germany),0,45-49,https://utmb.world/en/runner/512278.markus.koslowski,Markus KOSLOWSKI
Kraus Wolfgang,4658,🇩🇪 (Germany),0,55-59,https://utmb.world/en/runner/1553095.wolfgang.krause,Wolfgang KRAUSE
Krause Andre,4823,🇩🇪 (Germany),0,50-54,https://utmb.world/en/runner/991261.andre.krause,Andre KRAUSE
Kruska Moritz,4719,🇩🇪 (Germany),0,70-74,https://utmb.world/en/runner/83429.rolf.kruska,Rolf KRUSKA
Kupek Tobias,4227,🇩🇪 (Germany),0,20-34,https://utmb.world/en/runner/5025422.tobias.kupek,Tobias KUPEK
Lahann Henri,4805,🇩🇪 (Germany),0,60-64,https://utmb.world/en/runner/63470.max.lahann,Max LAHANN
Lechner Benjamin,4789,🇩🇪 (Germany),0,45-49,https://utmb.world/en/runner/912023.benjamin.lechner,Benjamin LECHNER
Lener Bernhard,4209,🇦🇹 (Austria),0,60-64,https://utmb.world/en/runner/3035479.helmut.lener,Helmut LENER
Lottner Samuel,4550,🇩🇪 (Germany),0,20-34,https://utmb.world/en/runner/4277463.christoph.lottner,Christoph LOTTNER
Lübbers Johannes,4561,🇩🇪 (Germany),0,35-39,https://utmb.world/en/runner/3300525.johannes.lubber,Johannes LÜBBER
Maginski Leon,4371,🇩🇪 (Germany),0,20-34,https://utmb.world/en/runner/5685535.leon.maginski,Leon MAGINSKI
Maginski Lucas,4372,🇩🇪 (Germany),0,20-34,https://utmb.world/en/runner/5685535.leon.maginski,Leon MAGINSKI
Mailänder Lucas,4636,🇦🇹 (Austria),0,40-44,https://utmb.world/en/runner/743737.hanspeter.harlander,Hans-Peter HARLANDER
Mareddy Narender,4817,🇮🇳 (India),0,,,
Matzak Jan,4498,🇦🇹 (Austria),0,,,
Miller Max,4556,🇩🇪 (Germany),0,35-39,https://utmb.world/en/runner/3317749.max.miller,Max MILLER
Milojevic Miha,4648,🇩🇪 (Germany),0,,,
Mittler Linus,4431,🇦🇹 (Austria),0,60-64,https://utmb.world/en/runner/56649.otmar.mitter,Otmar MITTER
Muigg Klaus,4792,🇦🇹 (Austria),0,55-59,https://utmb.world/en/runner/876003.werner.muigg,Werner MUIGG
Murphy Eamonn,4549,🇮🇪 (Ireland),0,55-59,https://utmb.world/en/runner/4215102.eamon.murphy,Eamon MURPHY
Muskett Paul,4797,🇬🇧 (United Kingdom),0,35-39,https://utmb.world/en/runner/3102577.tom.muskett,Tom MUSKETT
Nevelsteen Thomas,4628,🇧🇪 (Belgium),0,60-64,https://utmb.world/en/runner/212411.dirk.nevelsteen,Dirk NEVELSTEEN
Oberacher Klaus,4315,🇦🇹 (Austria),0,50-54,https://utmb.world/en/runner/1996661.klaus.oberacher,Klaus OBERACHER
Oberladstätter Armin,4318,🇦🇹 (Austria),0,,,
Ort Andreas,4695,🇩🇪 (Germany),0,,,
Pelikan Vincent,4474,🇩🇪 (Germany),0,20-34,https://utmb.world/en/runner/2594339.sebastian.pelikan,Sebastian PELIKAN
Perez Sanchez Jesus,4584,🇪🇸 (Spain),0,35-39,https://utmb.world/en/runner/4288881.jesus.perezsanchez,Jesus PEREZ SANCHEZ
Pfau Niklas,4553,🇩🇪 (Germany),0,45-49,https://utmb.world/en/runner/297828.marcus.pfau,Marcus PFAU
Pfefferle Jonas,4617,🇩🇪 (Germany),0,20-34,https://utmb.world/en/runner/5306924.jonas.pfefferle,Jonas PFEFFERLE
Pfefferle Tobias,4616,🇩🇪 (Germany),0,20-34,https://utmb.world/en/runner/4701502.phillip.pfefferle,Phillip PFEFFERLE
Pilawa Adam,4486,🇩🇪 (Germany),0,45-49,https://utmb.world/en/runner/4001761.adam.pilawa,Adam PILAWA
Pilhál Zsolt,4481,🇭🇺 (Hungary),0,45-49,https://utmb.world/en/runner/2120029.zsolt.pilhal,Zsolt PILHÁL
Poulsen Nautrup Hendrik,4757,🇦🇹 (Austria),0,,,
Pramstraller Alex,4690,🇮🇹 (Italy),0,,,
Prügger Christoph,4862,🇦🇹 (Austria),0,40-44,https://utmb.world/en/runner/4654530.prugger.rainer,Prügger RAINER
Punzet Dominik,4387,🇩🇪 (Germany),0,20-34,https://utmb.world/en/runner/4015486.dominik.punzet,Dominik PUNZET
Rahbani Rakan,4693,🇨🇦 (Canada),0,,,
Rainer Hannes,4443,🇦🇹 (Austria),0,40-44,https://utmb.world/en/runner/310631.hannes.rainer,Hannes RAINER
Reindl Alex,4348,🇦🇹 (Austria),0,35-39,https://utmb.world/en/runner/876477.alexander.reindl,Alexander REINDL
Riedelsheimer Johannes,4580,🇩🇪 (Germany),0,45-49,https://utmb.world/en/runner/19001.johannes.riedelsheimer,Johannes RIEDELSHEIMER
Roberts Blake,4836,🇺🇸 (United States),0,35-39,https://utmb.world/en/runner/628043.robert.blakemore,Robert BLAKEMORE
Rofner Patrick,8061,🇦🇹 (Austria),0,35-39,https://utmb.world/en/runner/3450249.patrick.rofner,Patrick ROFNER
Rosa Florian,4600,🇩🇪 (Germany),0,,,
Rothe Felix,4698,🇩🇪 (Germany),0,35-39,https://utmb.world/en/runner/298836.felix.rothe,Felix ROTHE
Saupp Florianf,4874,🇩🇪 (Germany),0,40-44,https://utmb.world/en/runner/5306980.florian.saupp,Florian SAUPP
Schatzlmayr Johannes,4510,🇦🇹 (Austria),0,,,
Schausberger Oliver,4536,🇦🇹 (Austria),0,35-39,https://utmb.world/en/runner/3353181.stefan.schausberger,Stefan SCHAUSBERGER
Scheepstra Anton,4614,🇳🇱 (Netherlands),0,20-34,https://utmb.world/en/runner/5025504.anton.scheepstra,Anton SCHEEPSTRA
Schmid Simeon,4811,🇩🇪 (Germany),0,45-49,https://utmb.world/en/runner/674710.simeon.schmid,Simeon SCHMID
Schmitt Volker,4421,🇩🇪 (Germany),0,60-64,https://utmb.world/en/runner/4227423.volker.schmitt,Volker SCHMITT
Schwarzmeier Sebastian,4526,🇦🇹 (Austria),0,40-44,https://utmb.world/en/runner/82801.stefan.schwarzmaier,Stefan SCHWARZMAIER
Schweimler Florian,4706,🇩🇪 (Germany),0,35-39,https://utmb.world/en/runner/3300091.eric.schweigler,Eric SCHWEIGLER
Seisenbacher Elias,4478,🇦🇹 (Austria),0,20-34,https://utmb.world/en/runner/4218770.elias.seisenbacher,Elias SEISENBACHER
Seisenbacher Jonathan,4454,🇦🇹 (Austria),0,20-34,https://utmb.world/en/runner/4218768.jonathan.seisenbacher,Jonathan SEISENBACHER
Shapovalov Andrii,4225,🇺🇦 (Ukraine),0,40-44,https://utmb.world/en/runner/5091199.andrii.shapovalov,Andrii SHAPOVALOV
Singer Alois,4367,🇦🇹 (Austria),0,55-59,https://utmb.world/en/runner/1996221.alois.singer,Alois SINGER
Steidle Peter,4808,🇩🇪 (Germany),0,35-39,https://utmb.world/en/runner/5897075.peter.steidle,Peter STEIDLE
Steiger Tom,4664,🇩🇪 (Germany),0,35-39,https://utmb.world/en/runner/699361.daniel.steiger,Daniel STEIGER
Stiborek Konstantin,4853,🇦🇹 (Austria),0,,,
Straubinger Markus,4375,🇩🇪 (Germany),0,50-54,https://utmb.world/en/runner/5305480.markus.straubinger,Markus STRAUBINGER
Straßberger Julian,6186,🇩🇪 (Germany),0,20-34,https://utmb.world/en/runner/5848039.julian.strassberger,Julian STRASSBERGER
Stricker Florian,4458,🇩🇪 (Germany),0,50-54,https://utmb.world/en/runner/3879627.michael.stricker,Michael STRICKER
Thaler Matthias,4583,🇦🇹 (Austria),0,50-54,https://utmb.world/en/runner/319571.matthias.ithaler,Matthias ITHALER
Thiel Jan,4571,🇩🇪 (Germany),0,20-34,https://utmb.world/en/runner/1017841.jannik.thiel,Jannik THIEL
Thierry Vincent,4577,🇫🇷 (France),0,50-54,https://utmb.world/en/runner/3884353.thierry.vincent,Thierry VINCENT
Tiefengraber Martin,4299,🇦🇹 (Austria),0,35-39,https://utmb.world/en/runner/3035449.martin.tiefengraber,Martin TIEFENGRABER
Trautwein Florian,4283,🇩🇪 (Germany),0,40-44,https://utmb.world/en/runner/1008685.florian.trautwein,Florian TRAUTWEIN
Trimmel Georg,4479,🇦🇹 (Austria),0,35-39,https://utmb.world/en/runner/880513.georg.trimmel,Georg TRIMMEL
Van der Laak Marco,4573,🇳🇱 (Netherlands),0,45-49,https://utmb.world/en/runner/2641141.marco.laakvander,Marco LAAK VAN DER
Van der heijden Stephan,4701,🇦🇹 (Austria),0,,,
Vollmayr Vincent,4303,🇩🇪 (Germany),0,20-34,https://utmb.world/en/runner/5307080.vincent.vollmayr,Vincent VOLLMAYR
Vorhofer Andreas,4595,🇦🇹 (Austria),0,,,
Vujic Oliver,4822,🇦🇹 (Austria),0,,,
Völzke Jonas,4849,🇩🇪 (Germany),0,20-34,https://utmb.world/en/runner/4020915.niclas.volzke,Niclas VÖLZKE
Weissenseel Jonas,4302,🇩🇪 (Germany),0,20-34,https://utmb.world/en/runner/5988411.jonas.weissenseel,Jonas Weissenseel
Weng Martin,4688,🇩🇪 (Germany),0,50-54,https://utmb.world/en/runner/81442.ulrich.weng,Ulrich WENG
Werner Luca,4569,🇩🇪 (Germany),0,20-34,https://utmb.world/en/runner/67884.lucas.gerner,Lucas GERNER
Werschmöller Simon,4276,🇩🇪 (Germany),0,,,
Wintermeyer Pascal,4398,🇩🇪 (Germany),0,20-34,https://utmb.world/en/runner/1996541.pascal.wintermeyer,Pascal WINTERMEYER
Wörner Marc,4852,🇩🇪 (Germany),0,45-49,https://utmb.world/en/runner/2594151.marco.werner,Marco WERNER
Zambon Nicola,4541,🇩🇪 (Germany),0,,,
Zbierski Dawid,4855,🇦🇹 (Austria),0,,,
Zollner Jakob,4739,🇩🇪 (Germany),0,20-34,https://utmb.world/en/runner/3246265.jakob.zoller,Jakob ZOLLER
van Aken Dirk,4882,🇳🇱 (Netherlands),0,70-74,https://utmb.world/en/runner/669004.dirk.vanaken,Dirk VAN AKEN
