name,bib,flag,utmb_index,utmb_agegroup,utmb_uri,utmb_name
Kowalczyk Janosch,6414,🇩🇪 (Germany),875,20-34,https://utmb.world/en/runner/143115.janosch.kowalczyk,Janosch KOWALCZYK
Koch Daniel,6080,🇩🇪 (Germany),841,20-34,https://utmb.world/en/runner/3565961.sven.koch,Sven KOCH
Stern Markus,6412,🇦🇹 (Austria),827,40-44,https://utmb.world/en/runner/2531659.christian.stern,Christian STERN
Löw Johannes,6197,🇩🇪 (Germany),805,35-39,https://utmb.world/en/runner/4218741.johannes.low,Johannes LOW
Reichert Robert,6301,🇩🇪 (Germany),796,40-44,https://utmb.world/en/runner/279430.florian.reichert,Florian REICHERT
Jansch Philipp,6361,🇦🇹 (Austria),779,35-39,https://utmb.world/en/runner/2131805.philipp.jansch,Philipp JANSCH
Kaufmann Gerhard,6418,🇦🇹 (Austria),775,40-44,https://utmb.world/en/runner/4180173.gerhard.kaufmann,Gerhard KAUFMANN
Siwek Michał,6316,🇵🇱 (Poland),758,20-34,https://utmb.world/en/runner/2054381.michal.siwek,Michal SIWEK
Reichl Thomas,6410,🇦🇹 (Austria),751,20-34,https://utmb.world/en/runner/1995909.thomas.reichl,Thomas REICHL
Ostfalk Johannes,6211,🇩🇪 (Germany),746,20-34,https://utmb.world/en/runner/4461196.johannes.ostfalk,Johannes OSTFALK
Horst Daniel,6381,🇩🇪 (Germany),726,35-39,https://utmb.world/en/runner/63404.daniel.horst,Daniel HORST
Dörr Marvin,6229,🇩🇪 (Germany),698,20-34,https://utmb.world/en/runner/5460308.johannes.dorr,Johannes DÖRR
Herron Felix,6076,🇺🇸 (United States),697,20-34,https://utmb.world/en/runner/4218742.felix.herron,Felix HERRON
Scherz Daniel,6241,🇨🇭 (Switzerland),693,35-39,https://utmb.world/en/runner/2200655.daniel.scherz,Daniel SCHERZ
Kraft Lukas,1006,🇦🇹 (Austria),684,45-49,https://utmb.world/en/runner/1454723.erich.kraft,Erich KRAFT
Van de Putte Sander,6224,🇧🇪 (Belgium),684,20-34,https://utmb.world/en/runner/5061609.sander.vandeputte,Sander VAN DE PUTTE
Montoya Hernando,6424,🇺🇸 (United States),683,35-39,https://utmb.world/en/runner/4116445.natty.montoya,Natty MONTOYA
Müll Luca,6252,🇩🇪 (Germany),673,20-34,https://utmb.world/en/runner/4461922.luca.mull,Luca MÜLL
Perkonigg Matthias,6292,🇦🇹 (Austria),669,20-34,https://utmb.world/en/runner/1996323.matthias.perkonigg,Matthias PERKONIGG
Böck Sebastian,6240,🇩🇪 (Germany),648,20-34,https://utmb.world/en/runner/4218717.sebastian.bock,Sebastian BÖCK
Thiele Rudolf,6295,🇩🇪 (Germany),646,35-39,https://utmb.world/en/runner/4278718.christoph.thiele,Christoph THIELE
von Stelzer Christopher,6405,🇩🇪 (Germany),646,20-34,https://utmb.world/en/runner/5522234.christopher.vonstelzer,Christopher VON STELZER
Fuchs Thomas,6420,🇦🇹 (Austria),645,45-49,https://utmb.world/en/runner/4218712.thomas.fuchs,Thomas FUCHS
Weissnicht Mathias,6018,🇦🇹 (Austria),644,35-39,https://utmb.world/en/runner/4015822.mathias.weissnicht,Mathias WEISSNICHT
Edelmann René,6188,🇨🇭 (Switzerland),643,35-39,https://utmb.world/en/runner/674118.rene.edelmann,René EDELMANN
Watanabe Shingo,6393,🇯🇵 (Japan),639,40-44,https://utmb.world/en/runner/36475.shingo.watanabe,Shingo WATANABE
Kaiser Fabian,6045,🇩🇪 (Germany),634,45-49,https://utmb.world/en/runner/1060625.fabian.kaiser,Fabian KAISER
Rudisch Peter,6210,🇩🇪 (Germany),632,35-39,https://utmb.world/en/runner/4001755.peter.rudisch,Peter RUDISCH
Röhm Jonas,6232,🇩🇪 (Germany),630,40-44,https://utmb.world/en/runner/4015834.andreas.rohm,Andreas RÖHM
Vogt Lasse,6245,🇩🇪 (Germany),630,45-49,https://utmb.world/en/runner/672019.roman.vogt,Roman VOGT
Albertini Simon,6057,🇦🇹 (Austria),622,20-34,https://utmb.world/en/runner/5306480.simon.albertini,Simon ALBERTINI
Reinhardt Markus,6090,🇩🇪 (Germany),622,35-39,https://utmb.world/en/runner/1553035.markus.reinhardt,Markus REINHARDT
Pfandl Markus,6062,🇦🇹 (Austria),618,20-34,https://utmb.world/en/runner/4084246.markus.pfandl,Markus PFANDL
Filzmaier Lars,6024,🇦🇹 (Austria),614,35-39,https://utmb.world/en/runner/4461218.lars.filzmaier,Lars FILZMAIER
Lecuyot Stephane,6348,🇫🇷 (France),611,40-44,https://utmb.world/en/runner/3557029.stephane.lecuyot,Stephane LECUYOT
Weyer Tom,6254,🇱🇺 (Luxembourg),606,40-44,https://utmb.world/en/runner/1715229.tom.weyer,Tom WEYER
Geurts Ghislain,6163,🇳🇱 (Netherlands),600,40-44,https://utmb.world/en/runner/4203053.ghislain.geurts,Ghislain GEURTS
Molenaar Peter,6251,🇳🇱 (Netherlands),599,20-34,https://utmb.world/en/runner/5224553.jessie.molenaar,Jessie MOLENAAR
Ehrmeier Stefan,6217,🇩🇪 (Germany),597,35-39,https://utmb.world/en/runner/4046708.stefan.ehrmeier,Stefan EHRMEIER
Schuster Patrick,6165,🇩🇪 (Germany),596,40-44,https://utmb.world/en/runner/5329048.christoph.schuster,Christoph SCHUSTER
Fischer Jan,6149,🇩🇪 (Germany),594,40-44,https://utmb.world/en/runner/2228027.jan.fischer,Jan FISCHER
Werner Simon,6058,🇩🇪 (Germany),594,40-44,https://utmb.world/en/runner/505349.simon.werner,Simon WERNER
Stranz Stephan,6185,🇩🇪 (Germany),593,20-34,https://utmb.world/en/runner/2276357.stephan.stranz,Stephan STRANZ
Kas Frantisek,6121,🇨🇿 (Czechia),591,20-34,https://utmb.world/en/runner/3934073.frantisek.kas,František KÁŠ
Molinaro Jeremy,6215,🇫🇷 (France),587,50-54,https://utmb.world/en/runner/177921.gregory.molinaro,Gregory MOLINARO
Zieliński Mateusz,6377,🇵🇱 (Poland),585,20-34,https://utmb.world/en/runner/4213545.mateusz.zielinski,Mateusz ZIELIŃSKI
Herrero Lars,6248,🇩🇪 (Germany),583,20-34,https://utmb.world/en/runner/5306490.lars.herrero,Lars HERRERO
Loidl Tobi,6349,🇦🇹 (Austria),582,20-34,https://utmb.world/en/runner/3035131.tobias.loidl,Tobias LOIDL
Wett Valentin,6063,🇦🇹 (Austria),582,20-34,https://utmb.world/en/runner/4015554.valentin.wett,Valentin WETT
Braun Joscha,6246,🇦🇹 (Austria),580,20-34,https://utmb.world/en/runner/2131933.joscha.braun,Joscha BRAUN
Schlipf Michael,6363,🇩🇪 (Germany),580,35-39,https://utmb.world/en/runner/3386345.christian.schlipf,Christian SCHLIPF
Klaiber Julian,6329,🇩🇪 (Germany),579,20-34,https://utmb.world/en/runner/5287300.julian.klaiber,Julian KLAIBER
Winkler Johannes,6204,🇦🇹 (Austria),579,20-34,https://utmb.world/en/runner/4668456.sebastian.winkler,Sebastian WINKLER
Daly Lewis,6360,🇦🇺 (Australia),577,20-34,https://utmb.world/en/runner/5641792.lachlan.dalgleish,Lachlan DALGLEISH
Krammer Christian,6282,🇦🇹 (Austria),575,45-49,https://utmb.world/en/runner/4173520.christian.krammer,Christian KRAMMER
Kelm Valentin,6192,🇩🇪 (Germany),571,20-34,https://utmb.world/en/runner/4218695.valentin.kelm,Valentin KELM
Falk Sebastian,6052,🇩🇪 (Germany),570,20-34,https://utmb.world/en/runner/2237323.sebastian.falk,Sebastian FALK
Häuslmann Stefan,6195,🇩🇪 (Germany),570,20-34,https://utmb.world/en/runner/4460830.stefan.hauslmann,Stefan HÄUSLMANN
Pietzsch Thomas,6370,🇩🇪 (Germany),565,55-59,https://utmb.world/en/runner/330446.thomas.pietzsch,Thomas PIETZSCH
Cocco Giovanni,6111,🇮🇹 (Italy),564,40-44,https://utmb.world/en/runner/3703503.giovanni.cocco,Giovanni COCCO
Teichmann Jörg,6108,🇩🇪 (Germany),563,40-44,https://utmb.world/en/runner/1582421.jorg.teichmann,Jörg TEICHMANN
Scholtysik Sebastian,6398,🇩🇪 (Germany),562,20-34,https://utmb.world/en/runner/4211009.sebastian.scholtysik,Sebastian SCHOLTYSIK
Batliner Andreas,6352,🇱🇮 (Liechtenstein),559,20-34,https://utmb.world/en/runner/4015843.andreas.batliner,Andreas BATLINER
Graf Andreas,6026,🇩🇪 (Germany),556,20-34,https://utmb.world/en/runner/4271893.andreas.graf,Andreas GRAF
Chetverukhin Vladimir,6365,🇷🇺 (Russia),554,35-39,https://utmb.world/en/runner/4797730.vladimir.chetverukhin,Vladimir CHETVERUKHIN
Gruber Alexander,6112,🇮🇹 (Italy),553,45-49,https://utmb.world/en/runner/3703501.alexander.gruber,Alexander GRUBER
Muhs Gabriel,6368,🇩🇪 (Germany),553,40-44,https://utmb.world/en/runner/1128701.gabriel.muhs,Gabriel MUHS
Gätzner Matteo,6214,🇩🇪 (Germany),552,35-39,https://utmb.world/en/runner/5759308.matteo.gatzner,Matteo GÄTZNER
Sailer Thomas,6234,🇦🇹 (Austria),552,45-49,https://utmb.world/en/runner/715582.thomas.sailer,Thomas SAILER
Helfrich Konstantin,6002,🇩🇪 (Germany),550,35-39,https://utmb.world/en/runner/3343851.konstantin.helfrich,Konstantin HELFRICH
Peifer Pascal,6133,🇩🇪 (Germany),550,20-34,https://utmb.world/en/runner/4218893.pascal.peifer,Pascal PEIFER
Kraft Oliver,6250,🇩🇪 (Germany),546,50-54,https://utmb.world/en/runner/118400.oliver.kraft,Oliver KRAFT
Lenk Andreas,6207,🇩🇪 (Germany),545,50-54,https://utmb.world/en/runner/4218722.andreas.lenk,Andreas LENK
Ehrenschwender Thomas,6152,🇩🇪 (Germany),543,40-44,https://utmb.world/en/runner/5411604.thomas.ehrenschwender,Thomas EHRENSCHWENDER
Stehling Thomas,6288,🇩🇪 (Germany),542,35-39,https://utmb.world/en/runner/5517671.thomas.stehling,Thomas STEHLING
Bredl Tobias,6006,🇩🇪 (Germany),541,35-39,https://utmb.world/en/runner/4460860.tobias.bredl,Tobias BREDL
Colombel Gilles,6309,🇫🇷 (France),541,40-44,https://utmb.world/en/runner/2690975.gilles.colombel,Gilles COLOMBEL
Sutter Adrian,6271,🇨🇭 (Switzerland),541,45-49,https://utmb.world/en/runner/3703713.sutter.adrian,Adrian SUTTER (Sutter ADRIAN)
Teischinger Georg,6331,🇦🇹 (Austria),540,35-39,https://utmb.world/en/runner/987111.georg.teischinger,Georg TEISCHINGER
Schweiß Michael,6289,🇩🇪 (Germany),539,20-34,https://utmb.world/en/runner/4461308.michael.schweiss,Michael SCHWEIß
Dobner Michael,6421,🇦🇹 (Austria),537,35-39,https://utmb.world/en/runner/674595.raphael.dorner,Raphael DÖRNER
Regenbogen Jochen,6347,🇩🇪 (Germany),537,45-49,https://utmb.world/en/runner/5492936.jochen.regenbogen,Jochen REGENBOGEN
Van der Wijk Martin,6168,🇳🇱 (Netherlands),537,40-44,https://utmb.world/en/runner/3291409.vincent.vanderwijk,Vincent VAN DER WIJK
Kartes Nico,6110,🇩🇪 (Germany),535,20-34,https://utmb.world/en/runner/970241.nico.kartes,Nico KARTES
Hlozka Peter,6205,🇸🇰 (Slovakia),533,45-49,https://utmb.world/en/runner/4001630.peter.hlozka,Peter HLOŽKA
Zenz Harald,6178,🇦🇹 (Austria),533,40-44,https://utmb.world/en/runner/1008531.harald.zenz,Harald ZENZ
Gabler Florian,6399,🇩🇪 (Germany),531,35-39,https://utmb.world/en/runner/5330482.florian.gabler,Florian GABLER
Hoiss Georg,6014,🇩🇪 (Germany),531,40-44,https://utmb.world/en/runner/5327414.georg.hoiss,Georg HOISS
Ohr Andreas,6086,🇩🇪 (Germany),531,35-39,https://utmb.world/en/runner/5522890.andreas.ohr,Andreas OHR
Overweg Andries,6275,🇳🇱 (Netherlands),530,45-49,https://utmb.world/en/runner/5476126.jarno.overweg,Jarno OVERWEG
Sakai Yoshiyuki,6383,🇯🇵 (Japan),530,45-49,https://utmb.world/en/runner/5215214.toshiyuki.sakai,Toshiyuki SAKAI
Gehrmann Robert,6028,🇩🇪 (Germany),527,40-44,https://utmb.world/en/runner/3193035.robert.gehrmann,Robert GEHRMANN
Vion Romain,6012,🇫🇷 (France),527,40-44,https://utmb.world/en/runner/1994493.romain.vion,Romain VION
Manchon Hugo,6071,🇫🇷 (France),526,35-39,https://utmb.world/en/runner/5147982.hugo.manchon,Hugo MANCHON
Wenk Martin,6401,🇦🇹 (Austria),526,35-39,https://utmb.world/en/runner/3015197.martin.wenk,Martin WENK
Müller Devin,6169,🇩🇪 (Germany),520,20-34,https://utmb.world/en/runner/5306536.devin.muller,Devin MÜLLER
Dreger Nikolai,6009,🇩🇪 (Germany),519,20-34,https://utmb.world/en/runner/3739883.nikolai.dreger,Nikolai DREGER
Stilkenbeumer Tobias,6162,🇩🇪 (Germany),519,20-34,https://utmb.world/en/runner/5501172.tobias.stilkenbeumer,Tobias STILKENBEUMER
Hohn Oliver Fox,6227,🇩🇪 (Germany),518,55-59,https://utmb.world/en/runner/298540.kai.hohn,Kai HÖHN
Kupke Christian,6274,🇩🇪 (Germany),518,40-44,https://utmb.world/en/runner/4607636.christian.kupke,Christian KUPKE
Lammers Fritjof,6371,🇩🇪 (Germany),518,35-39,https://utmb.world/en/runner/4226690.fritjof.lammers,Fritjof LAMMERS
Pannier Lambert Laurent,6258,🇫🇷 (France),518,50-54,https://utmb.world/en/runner/5927082.laurent.pannierlambert,Laurent PANNIER LAMBERT
Funk Christian,6147,🇩🇪 (Germany),517,55-59,https://utmb.world/en/runner/351189.christian.funk,Christian FUNK
Jirkal Tomáš,6327,🇨🇿 (Czechia),516,35-39,https://utmb.world/en/runner/4731604.tomas.jirkal,Tomáš JIRKAL
Stockmann Erik,6092,🇦🇹 (Austria),516,40-44,https://utmb.world/en/runner/4254690.erik.stockmann,Erik STOCKMANN
Versteeg Martijn,6387,🇳🇱 (Netherlands),516,35-39,https://utmb.world/en/runner/3036593.martijn.versteeg,Martijn VERSTEEG
Hudelist Klaus,6403,🇦🇹 (Austria),515,45-49,https://utmb.world/en/runner/4214006.klaus.hudelist,Klaus HUDELIST
Pattinger Thomas,6105,🇦🇹 (Austria),513,20-34,https://utmb.world/en/runner/4460888.thomas.pattinger,Thomas PATTINGER
Hohenwarter Franz,6335,🇦🇹 (Austria),512,35-39,https://utmb.world/en/runner/4003994.florian.hohenwarter,Florian HOHENWARTER
Schötz Marco,6218,🇩🇪 (Germany),512,50-54,https://utmb.world/en/runner/4046854.marco.schotz,Marco SCHÖTZ
Worm Walter,6196,🇩🇪 (Germany),512,45-49,https://utmb.world/en/runner/5327430.walter.worm,Walter WORM
Martin Denis,6072,🇫🇷 (France),511,45-49,https://utmb.world/en/runner/4867057.denis.martin,Denis MARTIN
Gürteler Kilian,6294,🇩🇪 (Germany),508,20-34,https://utmb.world/en/runner/5286946.kilian.gurteler,Kilian GÜRTELER
Hendrix Kazimierz,6277,🇳🇱 (Netherlands),508,45-49,https://utmb.world/en/runner/2000253.kazimierz.hendrix,Kazimierz HENDRIX
Jäger Karlheinz,6174,🇦🇹 (Austria),507,50-54,https://utmb.world/en/runner/506821.karlheinz.jager,Karlheinz JÄGER
Laukner Rico,6239,🇩🇪 (Germany),507,55-59,https://utmb.world/en/runner/2237603.rico.laukner,Rico LAUKNER
Dijkman Kees,6269,🇳🇱 (Netherlands),506,55-59,https://utmb.world/en/runner/1065173.kees.dijkman,Kees DIJKMAN
Horsch Stefan,6138,🇩🇪 (Germany),506,35-39,https://utmb.world/en/runner/3035209.stefan.horsch,Stefan HORSCH
Spielvogel Geri,6017,🇦🇹 (Austria),506,40-44,https://utmb.world/en/runner/3036541.geri.spielvogel,Geri SPIELVOGEL
Lippuner Timothy,6164,🇨🇭 (Switzerland),505,40-44,https://utmb.world/en/runner/4160209.timothy.lippuner,Timothy LIPPUNER
Bethmann Lorenz,6353,🇩🇪 (Germany),504,20-34,https://utmb.world/en/runner/4460964.lorenz.bethmann,Lorenz BETHMANN
Prinz Julian,6098,🇩🇪 (Germany),501,45-49,https://utmb.world/en/runner/4015856.tino.prinz,Tino PRINZ
Kutrzyk Przemysław,6417,🇵🇱 (Poland),500,45-49,https://utmb.world/en/runner/3984858.przemyslaw.kutrzyk,Przemysław KUTRZYK
Radloff André,6358,🇩🇪 (Germany),497,40-44,https://utmb.world/en/runner/5522442.andre.radloff,André RADLOFF
Kneer Johannes,6255,🇩🇪 (Germany),494,40-44,https://utmb.world/en/runner/5075761.johannes.kneer,Johannes KNEER
Schnelle Marc,6362,🇩🇪 (Germany),494,20-34,https://utmb.world/en/runner/5536912.marc.schnelle,Marc SCHNELLE
Baumann Robert,6243,🇨🇭 (Switzerland),491,50-54,https://utmb.world/en/runner/3730483.robert.baumann,Robert BAUMANN
Ota Ken,6179,🇩🇪 (Germany),490,40-44,https://utmb.world/en/runner/4461118.ken.ota,Ken OTA
Ridel Marc,6261,🇫🇷 (France),488,55-59,https://utmb.world/en/runner/340667.marc.ridel,Marc RIDEL
Ledl Jürgen,6122,🇦🇹 (Austria),487,50-54,https://utmb.world/en/runner/743818.jurgen.ledl,Jurgen LEDL
Wiegand Bernd,6342,🇩🇪 (Germany),487,40-44,https://utmb.world/en/runner/2669023.bernd.wiegand,Bernd WIEGAND
Fellner Matthias,6037,🇩🇪 (Germany),485,20-34,https://utmb.world/en/runner/5305284.matthias.fellner,Matthias FELLNER
Geringer Ralf,6031,🇩🇪 (Germany),483,50-54,https://utmb.world/en/runner/62394.ralf.geringer,Ralf GERINGER
Sanchez Fernandez Esteban,6366,🇲🇽 (Mexico),483,35-39,https://utmb.world/en/runner/4807102.esteban.sanchezfernandez,Esteban SANCHEZ FERNANDEZ
Fürnholzer Alexander,6042,🇦🇹 (Austria),477,50-54,https://utmb.world/en/runner/477672.alexander.furnholzer,Alexander FÜRNHOLZER
Kalkreuth Roman,6374,🇩🇪 (Germany),477,35-39,https://utmb.world/en/runner/5136173.roman.kalkreuth,Roman KALKREUTH
Linder Stephan,6302,🇺🇸 (United States),476,70-74,https://utmb.world/en/runner/5451502.ernst.linder,Ernst LINDER
Beller Andreas,6081,🇩🇪 (Germany),474,45-49,https://utmb.world/en/runner/1393043.andreas.beller,Andreas BELLER
Konnerth Christoph,6029,🇩🇪 (Germany),474,40-44,https://utmb.world/en/runner/5305308.christoph.konnerth,Christoph KONNERTH
Nebel Konstantin,6286,🇩🇪 (Germany),472,35-39,https://utmb.world/en/runner/1556139.konstantin.nebel,Konstantin NEBEL
Lamster Dennis,6202,🇩🇪 (Germany),470,40-44,https://utmb.world/en/runner/5063689.dennis.lamster,Dennis LAMSTER
Greil Thomas,6206,🇦🇹 (Austria),468,45-49,https://utmb.world/en/runner/4662068.thomas.greil,Thomas GREIL
Hüls Max,6157,🇩🇪 (Germany),468,35-39,https://utmb.world/en/runner/4226483.nikolas.hulsmann,Nikolas HÜLSMANN
Maurer Patrick,6030,🇮🇹 (Italy),468,20-34,https://utmb.world/en/runner/5327452.patrick.maurer,Patrick MAURER
Bleck Nicolas,6142,🇩🇪 (Germany),465,20-34,https://utmb.world/en/runner/3235543.nicolas.beck,Nicolas BECK
Hackl Harald,6001,🇦🇹 (Austria),464,40-44,https://utmb.world/en/runner/1479491.harald.hackl,Harald HACKL
Dauben Matthias,6094,🇩🇪 (Germany),463,20-34,https://utmb.world/en/runner/5522316.matthias.dauben,Matthias DAUBEN
Heinle Sven,6132,🇩🇪 (Germany),463,20-34,https://utmb.world/en/runner/5305330.sven.heinle,Sven HEINLE
Hempel Peter,6304,🇩🇪 (Germany),462,35-39,https://utmb.world/en/runner/5311544.peter.hempel,Peter HEMPEL
Kienberger Michael,6244,🇦🇹 (Austria),462,45-49,https://utmb.world/en/runner/506714.michael.kienberger,Michael KIENBERGER
Wieger Tobi,6160,🇩🇪 (Germany),462,35-39,https://utmb.world/en/runner/4460958.tobias.wieger,Tobias WIEGER
Langlais Martin,6118,🇫🇷 (France),460,20-34,https://utmb.world/en/runner/5148018.martin.langlais,Martin LANGLAIS
Steinbrenner Jochen,6310,🇩🇪 (Germany),459,50-54,https://utmb.world/en/runner/4218951.jochen.steinbrenner,Jochen STEINBRENNER
Diez Adrian,6183,🇩🇪 (Germany),458,20-34,https://utmb.world/en/runner/5306018.adrian.diez,Adrian DIEZ
Aragon Bartsch Claudio,6400,🇩🇪 (Germany),453,35-39,https://utmb.world/en/runner/351252.claudio.aragonbartsch,Claudio ARAGON-BARTSCH
Gerlinger Michael,6263,🇩🇪 (Germany),452,40-44,https://utmb.world/en/runner/4160310.michael.gerlinger,Michael GERLINGER
Sevenig Pierre,6074,🇱🇺 (Luxembourg),452,20-34,https://utmb.world/en/runner/4926598.pierre.sevenig,Pierre SEVENIG
Zellhofer Hannes,6230,🇦🇹 (Austria),448,40-44,https://utmb.world/en/runner/2124695.hannes.zellhofer,Hannes ZELLHOFER
Ferard Amaury,6193,🇫🇷 (France),444,35-39,https://utmb.world/en/runner/4473077.amaury.ferard,Amaury FERARD
Haller Ingo,6016,🇩🇪 (Germany),443,35-39,https://utmb.world/en/runner/4460992.ingo.haller,Ingo HALLER
van Den Nieuwenhuijzen Paul,6036,🇳🇱 (Netherlands),442,50-54,https://utmb.world/en/runner/4203071.paul.vandennieuwenhuijzen,Paul VAN DEN NIEUWENHUIJZEN
Möller Manuel,6293,🇩🇪 (Germany),440,55-59,https://utmb.world/en/runner/2412401.manuel.moller,Manuel MÖLLER
Ringendahl André,6161,🇩🇪 (Germany),438,35-39,https://utmb.world/en/runner/5444016.andre.ringendahl,André RINGENDAHL
Enne Anton,6068,🇦🇹 (Austria),437,60-64,https://utmb.world/en/runner/4461186.anton.enne,Anton ENNE
Warth Michael,6141,🇩🇪 (Germany),436,35-39,https://utmb.world/en/runner/1392799.michael.warth,Michael WARTH
Treiber Fabian,6300,🇩🇪 (Germany),431,60-64,https://utmb.world/en/runner/67912.ingo.treiber,Ingo TREIBER
Borsboom Piet,6199,🇳🇱 (Netherlands),430,55-59,https://utmb.world/en/runner/4613434.piet.borsboom,Piet BORSBOOM
Metz Andreas,6281,🇩🇪 (Germany),430,60-64,https://utmb.world/en/runner/66898.andreas.metz,Andreas METZ
Meyer Rolf,6328,🇩🇪 (Germany),428,50-54,https://utmb.world/en/runner/5058425.rolf.meyer,Rolf MEYER
Stanco Adrian,6408,🇨🇭 (Switzerland),428,40-44,https://utmb.world/en/runner/320907.stanco.adrian,Adrian STANCO (Stanco ADRIAN)
Verclas Jochen,6128,🇩🇪 (Germany),427,60-64,https://utmb.world/en/runner/4015983.jochen.verclas,Jochen VERCLAS
Müller Roland,6332,🇩🇪 (Germany),426,55-59,https://utmb.world/en/runner/991845.roland.muller,Roland MULLER
Obernauer Albert,6311,🇦🇹 (Austria),425,55-59,https://utmb.world/en/runner/344661.albert.obernauer,Albert OBERNAUER
Figl Roman,6078,🇦🇹 (Austria),424,40-44,https://utmb.world/en/runner/4513154.roman.figl,Roman FIGL
Höper Kevin,6219,🇩🇪 (Germany),424,60-64,https://utmb.world/en/runner/47844.hanno.hoper,Hanno HÖPER
Walter Sebastian,6079,🇩🇪 (Germany),422,35-39,https://utmb.world/en/runner/4461016.sebastian.walter,Sebastian WALTER
Wohlrabe Klaus,6397,🇩🇪 (Germany),421,45-49,https://utmb.world/en/runner/2655799.klaus.wohlrabe,Klaus WOHLRABE
Van Wimersma Buwe,8046,🇦🇹 (Austria),420,35-39,https://utmb.world/en/runner/3253403.leonard.vansoest,Leonard VAN SOEST
Malik Hassam,6050,🇦🇹 (Austria),419,40-44,https://utmb.world/en/runner/3035931.maik.kubbillun,Maik KUBBILLUN
Dittrich Meno,6003,🇩🇪 (Germany),418,20-34,https://utmb.world/en/runner/5306674.meno.dittrich,Meno DITTRICH
Angerhofer Bernd,6213,🇦🇹 (Austria),416,45-49,https://utmb.world/en/runner/699393.bernd.angerhofer,Bernd ANGERHOFER
Köppe Moritz,6268,🇩🇪 (Germany),415,35-39,https://utmb.world/en/runner/5256468.matthias.koppe,Matthias KÖPPE
Davis John,6144,🇮🇪 (Ireland),414,55-59,https://utmb.world/en/runner/4513140.john.davis,John DAVIS
Kneer Jochen,6201,🇩🇪 (Germany),412,40-44,https://utmb.world/en/runner/5072841.jochen.kneer,Jochen KNEER
Wagner Andreas,6423,🇩🇪 (Germany),411,50-54,https://utmb.world/en/runner/1639403.andreas.wagner,Andreas WAGNER
Ungerer Niklas,6330,🇩🇪 (Germany),410,45-49,https://utmb.world/en/runner/5786576.boris.angerer,Boris ANGERER
Brandt Nick,6321,🇩🇪 (Germany),408,20-34,https://utmb.world/en/runner/1995967.nick.brandt,Nick BRANDT
Friedrich Steffen,6392,🇩🇪 (Germany),408,55-59,https://utmb.world/en/runner/1025985.steffen.friedrich,Steffen FRIEDRICH
Ohm Anton,6070,🇩🇪 (Germany),408,20-34,https://utmb.world/en/runner/5306688.anton.ohm,Anton OHM
Heller Uli,6099,🇩🇪 (Germany),405,55-59,https://utmb.world/en/runner/62226.uli.heller,Uli HELLER
Wilke Michael,6237,🇩🇪 (Germany),405,55-59,https://utmb.world/en/runner/2398609.michael.wilke,Michael WILKE
Birtel Serge,6411,🇩🇪 (Germany),403,40-44,https://utmb.world/en/runner/1082071.serge.birtel,Serge BIRTEL
Lammer Sven,6106,🇩🇪 (Germany),397,45-49,https://utmb.world/en/runner/1479667.sven.lammer,Sven LAMMER
Ruetz Jürgen,6337,🇦🇹 (Austria),396,55-59,https://utmb.world/en/runner/442433.jurgen.ruetz,Jürgen RUETZ
Humbel Thomas,6382,🇨🇭 (Switzerland),395,55-59,https://utmb.world/en/runner/5059931.thomas.humbel,Thomas HUMBEL
Föhr Silas,6129,🇩🇪 (Germany),390,20-34,https://utmb.world/en/runner/3225413.silas.fohr,Silas FÖHR
Hemmerich Marc,6047,🇩🇪 (Germany),389,45-49,https://utmb.world/en/runner/4462076.marc.hemmerich,Marc HEMMERICH
Wörner Robin,6266,🇩🇪 (Germany),386,20-34,https://utmb.world/en/runner/5321098.patrick.worner,Patrick WÖRNER
Haug Roman,6259,🇩🇪 (Germany),385,50-54,https://utmb.world/en/runner/2279267.thomas.haug,Thomas HAUG
Magenheimer Timo,6221,🇩🇪 (Germany),384,55-59,https://utmb.world/en/runner/293465.markus.gegenheimer,Markus GEGENHEIMER
Sonntag Sebastian Vikas,6283,🇩🇪 (Germany),383,35-39,https://utmb.world/en/runner/5305426.sebastianvikas.sonntag,Sebastian Vikas SONNTAG
Klöppel Dominik,6317,🇩🇪 (Germany),382,20-34,https://utmb.world/en/runner/674745.dominik.kloppel,Dominik KLÖPPEL
Baur Thomas,6220,🇩🇪 (Germany),374,50-54,https://utmb.world/en/runner/4705216.thomas.baur,Thomas BAUR
Miles Richard,6073,🇬🇧 (United Kingdom),373,35-39,https://utmb.world/en/runner/5941084.richard.miles,Richard MILES
Logvenov Feodor,6116,🇩🇪 (Germany),370,35-39,https://utmb.world/en/runner/4046698.feodor.logvenov,Feodor LOGVENOV
Mayr Franz,6115,🇩🇪 (Germany),370,35-39,https://utmb.world/en/runner/5305436.franz.mayr,Franz MAYR
Escabias Domingo,6338,🇪🇸 (Spain),369,55-59,https://utmb.world/en/runner/5456324.domingo.escabiasgarcia,Domingo ESCABIAS GARCIA
Müller Maddin,6040,🇩🇪 (Germany),368,60-64,https://utmb.world/en/runner/4461056.maddin.muller,Maddin MÜLLER
Maier Marcus,6101,🇩🇪 (Germany),364,55-59,https://utmb.world/en/runner/5327516.marcus.maier,Marcus MAIER
Hackl David,6170,🇦🇹 (Austria),363,20-34,https://utmb.world/en/runner/5305446.david.hackl,David HACKL
Wittibschlager Daniel,6113,🇦🇹 (Austria),358,35-39,https://utmb.world/en/runner/5501144.daniel.wittibschlager,Daniel WITTIBSCHLAGER
Coletti Markus,6093,🇩🇪 (Germany),347,40-44,https://utmb.world/en/runner/4218846.markus.coletti,Markus COLETTI
Panzer Philipp,6032,🇩🇪 (Germany),343,20-34,https://utmb.world/en/runner/5305464.philipp.panzer,Philipp PANZER
Heidenreich Fynn,6231,🇩🇪 (Germany),331,20-34,https://utmb.world/en/runner/5456390.christian.heidenreich,Christian HEIDENREICH
Hamann Viktor,6272,🇩🇪 (Germany),329,50-54,https://utmb.world/en/runner/4512400.michael.hamann,Michael HAMANN
Abbink Thomas,6285,🇳🇱 (Netherlands),0,50-54,https://utmb.world/en/runner/3882655.simon.abbink,Simon ABBINK
Abdank Calvin,6312,🇦🇹 (Austria),0,,,
Bakun Ivan,6315,🇺🇦 (Ukraine),0,20-34,https://utmb.world/en/runner/1337303.ivan.bakun,Ivan BAKUN
Beadle James,6082,🇬🇧 (United Kingdom),0,45-49,https://utmb.world/en/runner/563030.james.beadle,James BEADLE
Beck Harald,6276,🇱🇮 (Liechtenstein),0,40-44,https://utmb.world/en/runner/4219323.harald.beck,Harald BECK
Beekhuis Klaas,6273,🇳🇱 (Netherlands),0,50-54,https://utmb.world/en/runner/3441439.klaas.beekhuis,Klaas BEEKHUIS
Bidlingmaier Adrian,6324,🇩🇪 (Germany),0,50-54,https://utmb.world/en/runner/1060089.andreas.bidlingmaier,Andreas BIDLINGMAIER
Blinov Dmitrii,6109,🇷🇺 (Russia),0,35-39,https://utmb.world/en/runner/2418915.dmitrii.blinov,Dmitrii BLINOV
Brandley Declan,6396,🇩🇪 (Germany),0,65-69,https://utmb.world/en/runner/80729.bradley.mason,Bradley MASON
Braunfels Joseph,6291,🇩🇪 (Germany),0,70-74,https://utmb.world/en/runner/62879.horst.brauneis,Horst BRAUNEIS
Bremner Timothy,6177,🇸🇮 (Slovenia),0,55-59,https://utmb.world/en/runner/3523501.timothy.bremner,Timothy BREMNER
Bugiel Daniel,6198,🇩🇪 (Germany),0,40-44,https://utmb.world/en/runner/5558531.daniel.bugiel,Daniel BUGIEL
Bundschuh Joachim,6260,🇩🇪 (Germany),0,55-59,https://utmb.world/en/runner/511907.achim.bundschuh,Achim BUNDSCHUH
Buth Felix,6056,🇩🇪 (Germany),0,40-44,https://utmb.world/en/runner/181169.felix.buth,Felix BUTH
Chemnitz Dennis,6222,🇩🇪 (Germany),0,40-44,https://utmb.world/en/runner/3246243.nico.chemnitz,Nico CHEMNITZ
Dunnett Angus,6280,🇫🇷 (France),0,,,
Egner Wolfgang,6278,🇩🇪 (Germany),0,20-34,https://utmb.world/en/runner/3155907.manuel.egner,Manuel EGNER
Esterer Andreas,6208,🇦🇹 (Austria),0,20-34,https://utmb.world/en/runner/3034639.andreas.esterer,Andreas ESTERER
Feltges Harry,6140,🇩🇪 (Germany),0,60-64,https://utmb.world/en/runner/66235.harry.feltges,Harry FELTGES
Ferneding Jan,6320,🇩🇪 (Germany),0,65-69,https://utmb.world/en/runner/675276.andree.ferneding,Andree FERNEDING
Foitzik Christian,6084,🇩🇪 (Germany),0,60-64,https://utmb.world/en/runner/62597.andreas.foitzik,Andreas FOITZIK
Franchi Alexander,6100,🇮🇹 (Italy),0,20-34,https://utmb.world/en/runner/4218849.alexander.franchi,Alexander FRANCHI
Gottmann Hans,6242,🇩🇪 (Germany),0,55-59,https://utmb.world/en/runner/80227.alexander.gottmann,Alexander GÖTTMANN
Gould Chris,6154,🇬🇧 (United Kingdom),0,40-44,https://utmb.world/en/runner/1413103.chris.gould,Chris GOULD
Grau Markus,6153,🇩🇪 (Germany),0,50-54,https://utmb.world/en/runner/29920.philipp.grau,Philipp GRAU
Gruber Werner,6059,🇦🇹 (Austria),0,55-59,https://utmb.world/en/runner/715579.werner.gruber,Werner GRUBER
Gräning Eric,6181,🇩🇪 (Germany),0,20-34,https://utmb.world/en/runner/5522276.eric.graning,Eric GRÄNING
Gsödl Martin,6235,🇩🇪 (Germany),0,20-34,https://utmb.world/en/runner/3701023.martin.gsodl,Martin GSÖDL
Gärtner Marius,6064,🇩🇪 (Germany),0,50-54,https://utmb.world/en/runner/171892.markus.gartner,Markus GÄRTNER
Hannemann Matthias,6346,🇩🇪 (Germany),0,20-34,https://utmb.world/en/runner/5306948.matthias.hannemann,Matthias HANNEMANN
Hegyi Andreas,6167,🇩🇪 (Germany),0,,,
Henikl Michael,6415,🇦🇹 (Austria),0,20-34,https://utmb.world/en/runner/911839.michael.henokl,Michael HENÖKL
Hinz Daniel,6247,🇦🇹 (Austria),0,45-49,https://utmb.world/en/runner/67722.steffen.hinz,Steffen HINZ
Hipler Sven,6238,🇦🇹 (Austria),0,55-59,https://utmb.world/en/runner/2132193.heiko.hiller,Heiko HILLER
Hugger Markus,6375,🇩🇪 (Germany),0,45-49,https://utmb.world/en/runner/675267.markus.hugger,Markus HUGGER
Jessen Jonas,6053,🇩🇪 (Germany),0,35-39,https://utmb.world/en/runner/5988585.jonas.jessen,Jonas Jessen
Kaiser Thomas,6103,🇩🇪 (Germany),0,50-54,https://utmb.world/en/runner/4786966.thomas.kaiser,Thomas KAISER
Koengeter Gerd,6336,🇩🇪 (Germany),0,70-74,https://utmb.world/en/runner/288606.hans.kongeter,Hans KÖNGETER
Kokozinski Andre,6380,🇩🇪 (Germany),0,,,
Kokozinski Lukas,6385,🇩🇪 (Germany),0,,,
Koscielniak Bartosz,6323,🇩🇪 (Germany),0,40-44,https://utmb.world/en/runner/658150.bartosz.koscielniak,Bartosz KOSCIELNIAK
Krammer Rainer,6413,🇦🇹 (Austria),0,35-39,https://utmb.world/en/runner/1573523.rainer.krammer,Rainer KRAMMER
Kuhn Jonas,6180,🇩🇪 (Germany),0,35-39,https://utmb.world/en/runner/675470.jonas.kuhn,Jonas KUHN
Kümmler Volker,6388,🇩🇪 (Germany),0,50-54,https://utmb.world/en/runner/171856.volker.kummler,Volker KUMMLER
Leiterer Reik,6151,🇨🇭 (Switzerland),0,75-79,https://utmb.world/en/runner/45671.sebastian.reiterer,Sebastian REITERER
Lingner Peter,6339,🇩🇪 (Germany),0,20-34,https://utmb.world/en/runner/4015996.peter.lingner,Peter LINGNER
Löffel Stefan,6216,🇩🇪 (Germany),0,,,
Lührs Henrik,6049,🇩🇪 (Germany),0,65-69,https://utmb.world/en/runner/69533.bernd.luhrs,Bernd LÜHRS
Lüttermann Malte,6390,🇦🇹 (Austria),0,55-59,https://utmb.world/en/runner/344577.andreas.bittermann,Andreas BITTERMANN
Melchert Johannes,6102,🇦🇹 (Austria),0,55-59,https://utmb.world/en/runner/1551597.bernhard.melcher,Bernhard MELCHER
Mörz Siegfried,6159,🇦🇹 (Austria),0,,,
Nedelcu Alexandru,6308,🇷🇴 (Romania),0,35-39,https://utmb.world/en/runner/2969279.alexandru.nedelcu,Alexandru NEDELCU
Oberroither Thomas,6097,🇦🇹 (Austria),0,60-64,https://utmb.world/en/runner/310727.robert.oberritzer,Robert OBERRITZER
Opdenhövel Dennis,6022,🇩🇪 (Germany),0,,,
Ottilie Rick,6297,🇩🇪 (Germany),0,20-34,https://utmb.world/en/runner/1538019.rick.ottilie,Rick OTTILIE
Ovelgönne Thomas,6384,🇩🇪 (Germany),0,55-59,https://utmb.world/en/runner/671895.thomas.ovelgonne,Thomas OVELGÖNNE
Petkau Oliver,6055,🇩🇪 (Germany),0,,,
Plewnia Christian,6318,🇩🇪 (Germany),0,60-64,https://utmb.world/en/runner/171560.roman.plewnia,Roman PLEWNIA
Potocsny Roman,6083,🇦🇹 (Austria),0,60-64,https://utmb.world/en/runner/2112973.roman.potocsny,Roman POTOCSNY
Preuß Marcus,6367,🇩🇪 (Germany),0,50-54,https://utmb.world/en/runner/3953341.marcus.preuss,Marcus PREUß
Protze Hans,6171,🇩🇪 (Germany),0,60-64,https://utmb.world/en/runner/19047.peter.protze,Peter PROTZE
Pötz David,6299,🇦🇹 (Austria),0,45-49,https://utmb.world/en/runner/3142171.david.potz,David PÖTZ
Ranftl Lukas,6389,🇩🇪 (Germany),0,55-59,https://utmb.world/en/runner/2181271.gunter.ranftl,Günter RANFTL
Ringenbach Jean-Clément,6379,🇨🇭 (Switzerland),0,65-69,https://utmb.world/en/runner/343648.markus.riggenbach,Markus RIGGENBACH
Rodrigues Ricardo,6253,🇦🇹 (Austria),0,40-44,https://utmb.world/en/runner/3809721.alberto.rodriguez,Alberto RODRIGUEZ
Rodriguez Chiang Sam Gerardo,6284,🇦🇹 (Austria),0,40-44,https://utmb.world/en/runner/3809721.alberto.rodriguez,Alberto RODRIGUEZ
Safer Peter,6124,🇦🇹 (Austria),0,20-34,https://utmb.world/en/runner/876259.peter.safer,Peter SAFER
Safer Stefan,6123,🇦🇹 (Austria),0,40-44,https://utmb.world/en/runner/876273.stefan.safer,Stefan SAFER
Sandow Michael,6134,🇩🇪 (Germany),0,60-64,https://utmb.world/en/runner/675482.sandor.veres,Sandor VERES
Scheffold Anton,6085,🇦🇹 (Austria),0,65-69,https://utmb.world/en/runner/344800.josef.scheffl,Josef SCHEFFL
Schinewitz Daniel,6044,🇦🇹 (Austria),0,35-39,https://utmb.world/en/runner/3999663.daniel.schinewitz,Daniel SCHINEWITZ
Schmidt Moritz,6319,🇩🇪 (Germany),0,50-54,https://utmb.world/en/runner/3878093.moritz.schmidt,Moritz SCHMIDT
Schneebauer Gabriel,6117,🇦🇹 (Austria),0,40-44,https://utmb.world/en/runner/1996685.christian.schneebauer,Christian SCHNEEBAUER
Schweiger Victor,6306,🇦🇹 (Austria),0,50-54,https://utmb.world/en/runner/3285441.schweiger.jurgen,Schweiger JÜRGEN
Schweighofer Georg,6407,🇦🇹 (Austria),0,55-59,https://utmb.world/en/runner/5886895.georg.schweighofer,Georg SCHWEIGHOFER
Schwientek Robert,6187,🇩🇪 (Germany),0,,,
Schütze Ferdinand,6127,🇩🇪 (Germany),0,50-54,https://utmb.world/en/runner/298728.thomas.schutze,Thomas SCHÜTZE
Strubenhoff Marcel,6010,🇩🇪 (Germany),0,,,
Tyrol J T G,6344,🇦🇹 (Austria),0,,,
Vonplon Raymond,6343,🇨🇭 (Switzerland),0,,,
Wangrin Marc,6290,🇩🇪 (Germany),0,,,
Wieser Thomas,6357,🇦🇹 (Austria),0,50-54,https://utmb.world/en/runner/526995.thomas.wieser,Thomas WIESER
Wild Michael,6267,🇩🇪 (Germany),0,55-59,https://utmb.world/en/runner/475894.michael.wild,Michael WILD
Wilhelmi Andreas,6200,🇩🇪 (Germany),0,50-54,https://utmb.world/en/runner/3878537.andreas.wilhelm,Andreas WILHELM
Wittstock Albrecht,8082,🇩🇪 (Germany),0,40-44,https://utmb.world/en/runner/743770.albrecht.wittstock,Albrecht WITTSTOCK
Zachhuber Simon,6355,🇦🇹 (Austria),0,,,
Zuggal Michael,6279,🇦🇹 (Austria),0,,,
van Velzen Julian,6287,🇳🇱 (Netherlands),0,55-59,https://utmb.world/en/runner/838441.hennie.vanvelzen,Hennie VAN VELZEN
von Rechenberg Trutz,6422,🇩🇪 (Germany),0,50-54,https://utmb.world/en/runner/45991.falk.vonrechenberg,Falk VON RECHENBERG
